value	symbol1	symbol2	class1	class2
1.0000000000000009	RHOXF2	RHOXF2B	Homeo domain factors	Homeo domain factors
1.0000000000000002	ZNF705D	ZNF705B	C2H2 zinc finger factors	Uncharacterized
1.0000000000000002	FOXD4L3	FOXD4L6	Fork head / winged helix factors	Fork head / winged helix factors
1.0	ZNF526	ZNF721	C2H2 zinc finger factors	C2H2 zinc finger factors
1.0	ZNF562	ZNF880	C2H2 zinc finger factors	C2H2 zinc finger factors
1.0	ZNF587	ZNF417	C2H2 zinc finger factors	C2H2 zinc finger factors
0.9999999999999998	DPRX	TPRX1	Homeo domain factors	Homeo domain factors
0.9999999999999996	FOXD4L5	FOXD4L4	Fork head / winged helix factors	Fork head / winged helix factors
0.9999999999999996	ZNF492	ZNF98	Uncharacterized	C2H2 zinc finger factors
0.9999999999999996	HSFY2	HSFY1	Heat shock factors	Heat shock factors
0.9999999999999994	HSFX1	HSFX2	Heat shock factors	Heat shock factors
0.9999999999999992	GTF2IRD2B	GTF2IRD2	Uncharacterized	Uncharacterized
0.9128709291752768	ZNF107	ZNF737	C2H2 zinc finger factors	Uncharacterized
0.9128709291752768	ZNF223	ZNF221	C2H2 zinc finger factors	C2H2 zinc finger factors
0.9128709291752768	ZNF112	ZNF737	Uncharacterized	Uncharacterized
0.9013878188659976	ZNF561	ZNF749	C2H2 zinc finger factors	C2H2 zinc finger factors
0.9013878188659976	ZNF440	ZNF439	C2H2 zinc finger factors	C2H2 zinc finger factors
0.8660254037844388	ZNF273	ZNF227	Uncharacterized	C2H2 zinc finger factors
0.8486684247915055	ZNF57	ZSCAN22	C2H2 zinc finger factors	C2H2 zinc finger factors
0.8320502943378436	ZNF571	ZNF581	C2H2 zinc finger factors	C2H2 zinc finger factors
0.8164965809277266	ZNF135	ZNF19	C2H2 zinc finger factors	C2H2 zinc finger factors
0.8069465847859287	ZNF20	ZNF28	C2H2 zinc finger factors	C2H2 zinc finger factors
0.8062257748298549	ERV3-1-ZNF117	ZNF117	Uncharacterized	Uncharacterized
0.8040302522073698	ZNF879	ZNF735	C2H2 zinc finger factors	C2H2 zinc finger factors
0.7958224257542212	ZNF75A	ZNF75D	C2H2 zinc finger factors	C2H2 zinc finger factors
0.7901006302541166	ZNF215	ZNF214	C2H2 zinc finger factors	C2H2 zinc finger factors
0.7867957924694431	ZNF69	ZNF440	Uncharacterized	C2H2 zinc finger factors
0.7833494518006406	DUXA	ZNF264	Homeo domain factors	C2H2 zinc finger factors
0.7817359599705719	ZNF763	ZNF57	C2H2 zinc finger factors	C2H2 zinc finger factors
0.7801894976054939	DUX1	DUX5	Homeo domain factors	Homeo domain factors
0.7745966692414835	ZNF566	ZNF829	C2H2 zinc finger factors	C2H2 zinc finger factors
0.7745966692414833	ARGFX	TPRX1	Homeo domain factors	Homeo domain factors
0.7559687348937109	SMAD5	SMAD9	SMAD/NF-1 DNA-binding domain factors	SMAD/NF-1 DNA-binding domain factors
0.7499999999999999	ZNF556	ZNF761	C2H2 zinc finger factors	Uncharacterized
0.7487845654019639	ZNF33B	ZNF37A	C2H2 zinc finger factors	C2H2 zinc finger factors
0.7453559924999298	ZNF92	ZNF737	Uncharacterized	Uncharacterized
0.7416198487095662	ZNF705G	ZNF705B	C2H2 zinc finger factors	Uncharacterized
0.7359800721939871	ZNF500	ZNF555	C2H2 zinc finger factors	C2H2 zinc finger factors
0.7321402951379647	ZNF544	ZNF805	C2H2 zinc finger factors	C2H2 zinc finger factors
0.7302967433402214	ZNF486	ZNF114	Uncharacterized	C2H2 zinc finger factors
0.7276068751089988	ZNF85	ZNF92	Uncharacterized	Uncharacterized
0.7190924955066749	ZNF501	ZNF57	C2H2 zinc finger factors	C2H2 zinc finger factors
0.7156264473321345	ZNF155	ZNF134	C2H2 zinc finger factors	C2H2 zinc finger factors
0.7071067811865478	ZNF821	ZNF500	Uncharacterized	C2H2 zinc finger factors
0.7071067811865476	ZBTB8A	ZBTB42	C2H2 zinc finger factors	C2H2 zinc finger factors
0.7071067811865475	ZNF596	ZNF705B	C2H2 zinc finger factors	Uncharacterized
0.7071067811865475	ZNF841	ZNF614	C2H2 zinc finger factors	C2H2 zinc finger factors
0.6943650748294137	ZIM2	ZNF468	C2H2 zinc finger factors	C2H2 zinc finger factors
0.6888949638271721	ZNF14	ZNF28	C2H2 zinc finger factors	C2H2 zinc finger factors
0.6882472016116852	ZNF90	ZNF92	Uncharacterized	Uncharacterized
0.6882472016116852	ZNF430	ZNF556	Uncharacterized	C2H2 zinc finger factors
0.6859943405700353	ZNF528	ZNF527	C2H2 zinc finger factors	Uncharacterized
0.6813851438692466	ZNF415	ZNF500	C2H2 zinc finger factors	C2H2 zinc finger factors
0.6784005252999681	FOXD4L1	FOXD4L4	Fork head / winged helix factors	Fork head / winged helix factors
0.6701662532667126	ZNF708	ZNF18	Uncharacterized	C2H2 zinc finger factors
0.6695340634119862	ZNF418	ZNF416	C2H2 zinc finger factors	C2H2 zinc finger factors
0.6694386813952029	ZNF34	ZNF18	C2H2 zinc finger factors	C2H2 zinc finger factors
0.6614378277661476	ZNF789	ZSCAN16	C2H2 zinc finger factors	C2H2 zinc finger factors
0.6614378277661476	ZNF792	ZNF789	C2H2 zinc finger factors	C2H2 zinc finger factors
0.6550404675929551	ZKSCAN7	ZNF57	C2H2 zinc finger factors	C2H2 zinc finger factors
0.6546536707079772	ZNF324	ZNF829	C2H2 zinc finger factors	C2H2 zinc finger factors
0.6546536707079772	ZNF429	ZNF273	C2H2 zinc finger factors	Uncharacterized
0.6546536707079771	MYRFL	ETV3L	NDT80 domain factors	Tryptophan cluster factors
0.6495542677022913	ESR2	ESR1	Nuclear receptors with C4 zinc fingers	Nuclear receptors with C4 zinc fingers
0.6481812160876687	ZNF48	ZNF57	C2H2 zinc finger factors	C2H2 zinc finger factors
0.6475761258027333	ZNF691	ZNF500	C2H2 zinc finger factors	C2H2 zinc finger factors
0.6436786858669362	ZNF565	ZNF317	C2H2 zinc finger factors	C2H2 zinc finger factors
0.6373774391990981	ZNF783	ZNF500	Uncharacterized	C2H2 zinc finger factors
0.6373774391990981	ZNF438	ZNF485	C2H2 zinc finger factors	C2H2 zinc finger factors
0.6344166391652172	ZNF253	ZNF565	Uncharacterized	C2H2 zinc finger factors
0.6333305574000904	ZNF629	ZNF48	C2H2 zinc finger factors	C2H2 zinc finger factors
0.6324555320336761	ZNF728	ZNF770	Uncharacterized	C2H2 zinc finger factors
0.6324555320336759	ZNF235	ZNF829	C2H2 zinc finger factors	C2H2 zinc finger factors
0.6237908974179218	HOXD11	HOXD12	Homeo domain factors	Homeo domain factors
0.623034543994755	ZNF140	ZNF133	C2H2 zinc finger factors	C2H2 zinc finger factors
0.6211215005200825	SMAD1	SMAD5	SMAD/NF-1 DNA-binding domain factors	SMAD/NF-1 DNA-binding domain factors
0.617213399848368	ZNF732	ZNF879	C2H2 zinc finger factors	C2H2 zinc finger factors
0.6123724356957945	ZNF345	ZNF273	C2H2 zinc finger factors	Uncharacterized
0.6094494002200441	ZNF490	ZNF440	C2H2 zinc finger factors	C2H2 zinc finger factors
0.6067798762169176	ZNF154	ZNF155	C2H2 zinc finger factors	C2H2 zinc finger factors
0.6052275326688025	ZNF77	ZNF80	C2H2 zinc finger factors	C2H2 zinc finger factors
0.604814736759006	ZNF136	ZNF155	C2H2 zinc finger factors	C2H2 zinc finger factors
0.6034514291237711	ZNF17	ZNF708	C2H2 zinc finger factors	Uncharacterized
0.6000991981489792	ZNF436	ZNF57	C2H2 zinc finger factors	C2H2 zinc finger factors
0.6	ZNF672	ZNF770	C2H2 zinc finger factors	C2H2 zinc finger factors
0.5962847939999439	ZNF234	ZNF529	C2H2 zinc finger factors	C2H2 zinc finger factors
0.5934424260562084	ZNF426	ZNF565	Uncharacterized	C2H2 zinc finger factors
0.5902587118760363	THRB	THRA	Nuclear receptors with C4 zinc fingers	Nuclear receptors with C4 zinc fingers
0.5850098009747078	ZBTB43	ZBTB8A	C2H2 zinc finger factors	C2H2 zinc finger factors
0.5846434037980074	ZNF44	ZNF57	C2H2 zinc finger factors	C2H2 zinc finger factors
0.5797509043642028	ZNF71	ZNF57	C2H2 zinc finger factors	C2H2 zinc finger factors
0.5794973582995911	ZNF138	ZNF155	C2H2 zinc finger factors	C2H2 zinc finger factors
0.5779911239828146	STAT5B	STAT5A	STAT domain factors	STAT domain factors
0.5773502691896258	ZNF497	ZNF316	C2H2 zinc finger factors	C2H2 zinc finger factors
0.5773502691896258	ZNF625	ZNF84	C2H2 zinc finger factors	C2H2 zinc finger factors
0.5773502691896258	ZNF727	ZNF879	C2H2 zinc finger factors	C2H2 zinc finger factors
0.5773502691896257	ZNF283	ZNF880	C2H2 zinc finger factors	C2H2 zinc finger factors
0.5773502691896257	ZNF100	ZNF737	C2H2 zinc finger factors	Uncharacterized
0.5760334380093604	SMAD3	SMAD2	SMAD/NF-1 DNA-binding domain factors	SMAD/NF-1 DNA-binding domain factors
0.5753723590625354	ZNF778	ZNF317	C2H2 zinc finger factors	C2H2 zinc finger factors
0.5746628212274875	ZNF33A	ZNF37A	C2H2 zinc finger factors	C2H2 zinc finger factors
0.5702248022984666	ZNF132	ZNF155	C2H2 zinc finger factors	C2H2 zinc finger factors
0.5700877125495689	CSRNP2	ZNF500	AXUD/CSRNP domain factors	C2H2 zinc finger factors
0.5656854249492379	ZNF567	ZNF727	C2H2 zinc finger factors	C2H2 zinc finger factors
0.5609454423664356	HMX3	HMX2	Homeo domain factors	Homeo domain factors
0.5607721540920442	ZNF600	ZNF101	C2H2 zinc finger factors	C2H2 zinc finger factors
0.5547001962252291	ZNF564	ZNF581	C2H2 zinc finger factors	C2H2 zinc finger factors
0.5508569367845979	HOXD13	HOXD12	Homeo domain factors	Homeo domain factors
0.5477225575051661	ZNF432	ZNF841	C2H2 zinc finger factors	C2H2 zinc finger factors
0.5477225575051661	ZNF573	ZNF114	Uncharacterized	C2H2 zinc finger factors
0.5465943944999486	ZNF853	ZNF879	C2H2 zinc finger factors	C2H2 zinc finger factors
0.5445778677487008	IRF7	IRF3	Tryptophan cluster factors	Tryptophan cluster factors
0.543872504590104	RELA	NFKB1	Rel homology region (RHR) factors	Rel homology region (RHR) factors
0.5433193021445473	DLX5	DLX6	Homeo domain factors	Homeo domain factors
0.5406205059012896	ZNF22	ZNF48	C2H2 zinc finger factors	C2H2 zinc finger factors
0.5400617248673217	ZNF785	ZNF791	C2H2 zinc finger factors	C2H2 zinc finger factors
0.5384615384615385	ZNF624	ZNF341	C2H2 zinc finger factors	C2H2 zinc finger factors
0.5361799218610492	ZNF471	ZNF565	C2H2 zinc finger factors	C2H2 zinc finger factors
0.5349081313718915	HEY1	HEY2	Basic helix-loop-helix factors (bHLH)	Basic helix-loop-helix factors (bHLH)
0.5345224838248487	ZNF780A	ZNF362	C2H2 zinc finger factors	C2H2 zinc finger factors
0.5300888152439962	ZBTB48	ZBTB8A	C2H2 zinc finger factors	C2H2 zinc finger factors
0.5298129428260177	ZNF182	ZNF708	C2H2 zinc finger factors	Uncharacterized
0.5260621295550207	EOMES	TBR1	T-Box factors	T-Box factors
0.5252257314388902	ZNF700	ZNF567	Uncharacterized	C2H2 zinc finger factors
0.5247835714059895	TGIF2LY	TGIF2LX	Homeo domain factors	Homeo domain factors
0.5243788202755697	ZNF43	ZNF708	C2H2 zinc finger factors	Uncharacterized
0.5222329678670936	ZNF891	ZNF705B	C2H2 zinc finger factors	Uncharacterized
0.5222329678670935	ZNF883	ZNF484	Uncharacterized	C2H2 zinc finger factors
0.5213872459067009	ZNF79	ZNF28	C2H2 zinc finger factors	C2H2 zinc finger factors
0.5198266334512448	BORCS8-MEF2B	PROX2	MADS box factors	Homeo domain factors
0.5184758473652128	ZNF177	ZNF559-ZNF177	C2H2 zinc finger factors	C2H2 zinc finger factors
0.5127547631929623	ISL2	ISL1	Homeo domain factors	Homeo domain factors
0.5069504499947607	MSX2	MSX1	Homeo domain factors	Homeo domain factors
0.5034773345005924	PPARA	PPARG	Nuclear receptors with C4 zinc fingers	Nuclear receptors with C4 zinc fingers
0.5015503913178176	ZNF502	ZNF565	C2H2 zinc finger factors	C2H2 zinc finger factors
0.5004139736699607	BCL11B	TBR1	C2H2 zinc finger factors	T-Box factors
0.5	ZNF99	ZNF737	C2H2 zinc finger factors	Uncharacterized
0.4987819590820271	HOXC5	HOXC4	Homeo domain factors	Homeo domain factors
0.4969039949999533	ZNF460	ZNF235	C2H2 zinc finger factors	C2H2 zinc finger factors
0.4958895368411578	ZBTB9	ZBTB8A	C2H2 zinc finger factors	C2H2 zinc finger factors
0.4914034382397221	STAT3	NFKB1	STAT domain factors	Rel homology region (RHR) factors
0.4913036844405174	ZNF681	ZNF189	Uncharacterized	C2H2 zinc finger factors
0.4913036844405174	ZNF701	ZNF518A	C2H2 zinc finger factors	C2H2 zinc finger factors
0.4903042861630642	ZFP14	ZNF665	C2H2 zinc finger factors	C2H2 zinc finger factors
0.4889910594255887	HOXD10	HOXD11	Homeo domain factors	Homeo domain factors
0.4868644955601477	GLI4	ZNF316	C2H2 zinc finger factors	C2H2 zinc finger factors
0.4866642633922879	PRDM15	PRDM4	C2H2 zinc finger factors	C2H2 zinc finger factors
0.4839107908741984	ZNF628	ZFP28	C2H2 zinc finger factors	C2H2 zinc finger factors
0.4837794468468967	ZNF684	ZNF688	C2H2 zinc finger factors	Uncharacterized
0.4793183550465743	IRX2	IRX1	Homeo domain factors	Homeo domain factors
0.4783859734515905	ZNF35	ZNF546	C2H2 zinc finger factors	C2H2 zinc finger factors
0.4773929622481258	ZFP30	ZNF607	C2H2 zinc finger factors	C2H2 zinc finger factors
0.4758873660938749	USF1	USF2	Basic helix-loop-helix factors (bHLH)	Basic helix-loop-helix factors (bHLH)
0.4756997082610132	MYC	TP53	Basic helix-loop-helix factors (bHLH)	p53 domain factors
0.4753729174324822	HIF1A	STAT3	Basic helix-loop-helix factors (bHLH)	STAT domain factors
0.4751909633114914	ZNF205	ZNF789	C2H2 zinc finger factors	C2H2 zinc finger factors
0.4743416490252569	ZNF287	ZNF468	C2H2 zinc finger factors	C2H2 zinc finger factors
0.474130728324196	NANOG	POU5F1	Homeo domain factors	Homeo domain factors
0.472455591261534	ZNF257	ZNF256	Uncharacterized	C2H2 zinc finger factors
0.4717281765248632	ZNF248	ZNF485	C2H2 zinc finger factors	C2H2 zinc finger factors
0.4714045207910318	ZNF284	ZNF223	C2H2 zinc finger factors	C2H2 zinc finger factors
0.471186944026771	RARG	RARB	Nuclear receptors with C4 zinc fingers	Nuclear receptors with C4 zinc fingers
0.4693579962529179	TAL1	GATA1	Basic helix-loop-helix factors (bHLH)	Other C4 zinc finger-type factors
0.4685212856658182	ZNF222	ZNF45	C2H2 zinc finger factors	C2H2 zinc finger factors
0.4685212856658182	ZNF658	ZNF556	C2H2 zinc finger factors	C2H2 zinc finger factors
0.4680640326496047	HOXC6	HOXC5	Homeo domain factors	Homeo domain factors
0.4679194799484522	CCDC169-SOHLH2	SOHLH1	Basic helix-loop-helix factors (bHLH)	Basic helix-loop-helix factors (bHLH)
0.4631286496063642	GLI1	GLI3	C2H2 zinc finger factors	C2H2 zinc finger factors
0.4629212924140702	NR1H3	NR1H2	Nuclear receptors with C4 zinc fingers	Nuclear receptors with C4 zinc fingers
0.462663743508977	AR	ESR1	Nuclear receptors with C4 zinc fingers	Nuclear receptors with C4 zinc fingers
0.4624200140600069	PURB	PURA	Uncharacterized	Uncharacterized
0.4615134767534369	LHX5	LHX1	Homeo domain factors	Homeo domain factors
0.4610543486579943	HOXD9	HOXD11	Homeo domain factors	Homeo domain factors
0.4606440068797221	GLI2	GLI3	C2H2 zinc finger factors	C2H2 zinc finger factors
0.4605661864718383	ZSCAN23	ZNF763	C2H2 zinc finger factors	C2H2 zinc finger factors
0.4603619365403923	STAT1	STAT3	STAT domain factors	STAT domain factors
0.4588314677411235	ZNF286A	ZNF528	C2H2 zinc finger factors	C2H2 zinc finger factors
0.4584330035168174	PRDM12	PRDM15	Uncharacterized	C2H2 zinc finger factors
0.4576194609098676	RARA	RARG	Nuclear receptors with C4 zinc fingers	Nuclear receptors with C4 zinc fingers
0.4576043153224293	ZFP2	ZNF624	C2H2 zinc finger factors	C2H2 zinc finger factors
0.4571834364691584	MYF5	MYOG	Basic helix-loop-helix factors (bHLH)	Basic helix-loop-helix factors (bHLH)
0.4568354818491738	NKX6-1	NKX2-2	Homeo domain factors	Homeo domain factors
0.4548588261473421	ZNF689	ZNF829	C2H2 zinc finger factors	C2H2 zinc finger factors
0.4548588261473421	ZNF302	ZNF829	C2H2 zinc finger factors	C2H2 zinc finger factors
0.45374260648651504	ZNF766	ZNF317	C2H2 zinc finger factors	C2H2 zinc finger factors
0.4533736350032652	ZNF251	ZNF623	C2H2 zinc finger factors	C2H2 zinc finger factors
0.4529108136578383	ZNF606	ZNF528	C2H2 zinc finger factors	C2H2 zinc finger factors
0.4520689284002146	PPARD	PPARA	Nuclear receptors with C4 zinc fingers	Nuclear receptors with C4 zinc fingers
0.4499052920112159	MYOD1	MYOG	Basic helix-loop-helix factors (bHLH)	Basic helix-loop-helix factors (bHLH)
0.4497318628009165	EPAS1	HIF1A	Basic leucine zipper factors (bZIP)	Basic helix-loop-helix factors (bHLH)
0.4488896267447487	NFE2L2	NFKB1	Basic leucine zipper factors (bZIP)	Rel homology region (RHR) factors
0.447769025557318	ZFP82	ZNF317	C2H2 zinc finger factors	C2H2 zinc finger factors
0.4472135954999579	ZNF532	ZBTB26	C2H2 zinc finger factors	C2H2 zinc finger factors
0.4472135954999579	ZNF611	ZNF12	C2H2 zinc finger factors	Uncharacterized
0.4472135954999579	FOXB2	ZNF883	Fork head / winged helix factors	Uncharacterized
0.4472135954999579	ZBTB26	ZNF529	C2H2 zinc finger factors	C2H2 zinc finger factors
0.4455935007777791	ARNTL	CLOCK	Basic helix-loop-helix factors (bHLH)	Basic helix-loop-helix factors (bHLH)
0.4454299477295548	ZFP69	ZNF565	C2H2 zinc finger factors	C2H2 zinc finger factors
0.4452817782808605	ZNF670	ZNF254	C2H2 zinc finger factors	Uncharacterized
0.4448963338244607	SMAD4	SMAD3	SMAD/NF-1 DNA-binding domain factors	SMAD/NF-1 DNA-binding domain factors
0.4430931298712839	ZNF311	ZNF417	C2H2 zinc finger factors	C2H2 zinc finger factors
0.4429403980178329	ZNF219	ZBTB8A	C2H2 zinc finger factors	C2H2 zinc finger factors
0.4421886151660563	JUN	FOS	Basic leucine zipper factors (bZIP)	Basic leucine zipper factors (bZIP)
0.4419534009627215	SREBF2	SREBF1	Basic helix-loop-helix factors (bHLH)	Basic helix-loop-helix factors (bHLH)
0.43983407843522776	HOXC8	HOXC9	Homeo domain factors	Homeo domain factors
0.4396267355433287	SP7	RUNX2	C2H2 zinc finger factors	Runt domain factors
0.439605832073359	ZNF142	ZNF155	C2H2 zinc finger factors	C2H2 zinc finger factors
0.4375949744936836	ZNF473	ZNF672	Uncharacterized	C2H2 zinc finger factors
0.4375765264925574	HES5	HES1	Basic helix-loop-helix factors (bHLH)	Basic helix-loop-helix factors (bHLH)
0.4375	ZNF552	ZSCAN16	C2H2 zinc finger factors	C2H2 zinc finger factors
0.4374068891725131	PAX6	ISL1	Paired box factors	Homeo domain factors
0.437212538030378	NKX2-5	GATA4	Homeo domain factors	Other C4 zinc finger-type factors
0.4361843049221677	DMRTB1	DMRTC2	DM-type intertwined zinc finger factors	DM-type intertwined zinc finger factors
0.4351897433698313	FOXO3	FOXO1	Fork head / winged helix factors	Fork head / winged helix factors
0.43495883620084	ZNF10	ZNF28	C2H2 zinc finger factors	C2H2 zinc finger factors
0.4340573661412156	ZNF3	ZNF440	C2H2 zinc finger factors	C2H2 zinc finger factors
0.4330127018922194	ZNF808	ZNF749	C2H2 zinc finger factors	C2H2 zinc finger factors
0.4321847832349328	PAX2	EGR2	Paired box factors	C2H2 zinc finger factors
0.4313310928137536	ZNF169	ZNF749	C2H2 zinc finger factors	C2H2 zinc finger factors
0.4302548457142182	RELB	NFKB2	Rel homology region (RHR) factors	Rel homology region (RHR) factors
0.4298229308506471	RXRB	RXRG	Nuclear receptors with C4 zinc fingers	Nuclear receptors with C4 zinc fingers
0.42857142857142855	ZNF443	ZNF672	C2H2 zinc finger factors	C2H2 zinc finger factors
0.426853880529868	PGR	ESR1	Nuclear receptors with C4 zinc fingers	Nuclear receptors with C4 zinc fingers
0.4264906606998508	ZNF25	ZNF33B	C2H2 zinc finger factors	C2H2 zinc finger factors
0.42623223814390987	NEUROG2	ASCL1	Basic helix-loop-helix factors (bHLH)	Basic helix-loop-helix factors (bHLH)
0.4250375681120074	ZNF704	ZNF395	C2H2 zinc finger factors	Uncharacterized
0.4240954188790872	NR1I2	NR1I3	Nuclear receptors with C4 zinc fingers	Nuclear receptors with C4 zinc fingers
0.4240369578639071	SPI1	GATA1	Tryptophan cluster factors	Other C4 zinc finger-type factors
0.4239428333508773	ETV4	ETV5	Tryptophan cluster factors	Tryptophan cluster factors
0.4234151591787102	POU6F2	BORCS8-MEF2B	Homeo domain factors	MADS box factors
0.42340489921997054	ZNF70	ZNF69	C2H2 zinc finger factors	Uncharacterized
0.42310867627401016	NR1D2	NR1D1	Nuclear receptors with C4 zinc fingers	Nuclear receptors with C4 zinc fingers
0.4225771273642583	ZNF835	CSRNP3	C2H2 zinc finger factors	AXUD/CSRNP domain factors
0.42255342948333147	DLX2	DLX1	Homeo domain factors	Homeo domain factors
0.4221158824088691	ZNF790	ZNF414	C2H2 zinc finger factors	C2H2 zinc finger factors
0.4216387325415211	MAFG	MAFF	Basic leucine zipper factors (bZIP)	Basic leucine zipper factors (bZIP)
0.42120048987738895	NEUROG1	NEUROD1	Basic helix-loop-helix factors (bHLH)	Basic helix-loop-helix factors (bHLH)
0.4200840252084029	NACC2	ZNF883	Uncharacterized	Uncharacterized
0.4199819515766668	ZNF679	DMRTB1	C2H2 zinc finger factors	DM-type intertwined zinc finger factors
0.41974570406729295	HOXA11	HOXD11	Homeo domain factors	Homeo domain factors
0.4160251471689218	ZNF296	ZNF672	C2H2 zinc finger factors	C2H2 zinc finger factors
0.4153132798136547	SATB2	BCL11B	Homeo domain factors	C2H2 zinc finger factors
0.4140922539683992	RXRA	NR1H2	Nuclear receptors with C4 zinc fingers	Nuclear receptors with C4 zinc fingers
0.41391867719235786	ZNF597	ZNF624	C2H2 zinc finger factors	C2H2 zinc finger factors
0.4129225286182384	GATA6	GATA4	Other C4 zinc finger-type factors	Other C4 zinc finger-type factors
0.4128109240758247	PDX1	NEUROG3	Homeo domain factors	Basic helix-loop-helix factors (bHLH)
0.411766052572674	ZNF787	ZNF48	C2H2 zinc finger factors	C2H2 zinc finger factors
0.4115539986039952	DMRTA2	DMRT3	DM-type intertwined zinc finger factors	DM-type intertwined zinc finger factors
0.4114888789934837	SOX2	PAX6	High-mobility group (HMG) domain factors	Paired box factors
0.4103954942718353	NR3C1	NR3C2	Nuclear receptors with C4 zinc fingers	Nuclear receptors with C4 zinc fingers
0.4102773338167755	OLIG2	NKX2-2	Basic helix-loop-helix factors (bHLH)	Homeo domain factors
0.4098259962828841	DMRT2	DMRT3	DM-type intertwined zinc finger factors	DM-type intertwined zinc finger factors
0.4082482904638631	ZNF160	ZNF273	C2H2 zinc finger factors	Uncharacterized
0.40824829046386296	SEBOX	ZNF556	Homeo domain factors	C2H2 zinc finger factors
0.40796078627432186	HEYL	HEY1	Basic helix-loop-helix factors (bHLH)	Basic helix-loop-helix factors (bHLH)
0.4071381291217328	VDR	ESR1	Nuclear receptors with C4 zinc fingers	Nuclear receptors with C4 zinc fingers
0.4070457892053471	ZNF530	ZNF648	C2H2 zinc finger factors	C2H2 zinc finger factors
0.4068278805120916	HOXB8	HOXB6	Homeo domain factors	Homeo domain factors
0.4057868737834547	HOXB3	HOXB2	Homeo domain factors	Homeo domain factors
0.4048881650894581	ADNP2	ZNF780A	Homeo domain factors	C2H2 zinc finger factors
0.4043468521104056	ZNF7	ZNF57	C2H2 zinc finger factors	C2H2 zinc finger factors
0.40406101782088427	ZNF594	ZNF528	C2H2 zinc finger factors	C2H2 zinc finger factors
0.4039033556472218	HOXD4	HOXD3	Homeo domain factors	Homeo domain factors
0.4025634967823614	POU4F2	POU4F1	Homeo domain factors	Homeo domain factors
0.401440550957396	SP1	SP3	C2H2 zinc finger factors	C2H2 zinc finger factors
0.4012861769525641	ZNF461	ZNF460	C2H2 zinc finger factors	C2H2 zinc finger factors
0.4007292622280528	FOXD4	FOXD4L4	Fork head / winged helix factors	Fork head / winged helix factors
0.3990965412833829	PAX3	PAX7	Paired box factors	Paired box factors
0.3988620176087329	ZNF445	ZSCAN23	C2H2 zinc finger factors	C2H2 zinc finger factors
0.398284757569958	GMEB2	GMEB1	SAND domain factors	SAND domain factors
0.3975537220301157	TEAD3	TEAD4	TEA domain factors	TEA domain factors
0.3973919612415083	HOXA13	HOXD13	Homeo domain factors	Homeo domain factors
0.3971665820548073	MESP2	UNCX	Basic helix-loop-helix factors (bHLH)	Homeo domain factors
0.3966644140109589	ZSCAN9	ZNF624	C2H2 zinc finger factors	C2H2 zinc finger factors
0.3962990216294081	PHOX2B	PHOX2A	Homeo domain factors	Homeo domain factors
0.39620290784653023	PRDM14	PRDM4	C2H2 zinc finger factors	C2H2 zinc finger factors
0.3951672795343637	HOXA10	HOXA11	Homeo domain factors	Homeo domain factors
0.39478755708871016	HOXB4	HOXB3	Homeo domain factors	Homeo domain factors
0.3941780613961432	ZNF260	SKIDA1	C2H2 zinc finger factors	Uncharacterized
0.3932139793061901	FOXP3	STAT3	Fork head / winged helix factors	STAT domain factors
0.3931723063890588	PRDM5	PRDM4	C2H2 zinc finger factors	C2H2 zinc finger factors
0.3929197945030013	ZNF165	ZSCAN9	C2H2 zinc finger factors	C2H2 zinc finger factors
0.3923474203620064	HNF4A	HNF1A	Nuclear receptors with C4 zinc fingers	Homeo domain factors
0.39223227027636814	ZNF208	ZNF112	C2H2 zinc finger factors	Uncharacterized
0.3921799830975349	HES7	MESP2	Basic helix-loop-helix factors (bHLH)	Basic helix-loop-helix factors (bHLH)
0.3908679799852858	ZNF782	ZNF510	C2H2 zinc finger factors	C2H2 zinc finger factors
0.3901909749221532	OTX2	PAX2	Homeo domain factors	Paired box factors
0.3889528073411242	MYF6	MYOG	Basic helix-loop-helix factors (bHLH)	Basic helix-loop-helix factors (bHLH)
0.3887669429964693	EMX1	TBR1	Homeo domain factors	T-Box factors
0.3871682296535445	MYB	RUNX1	Tryptophan cluster factors	Runt domain factors
0.3864491360540531	GATA2	GATA1	Other C4 zinc finger-type factors	Other C4 zinc finger-type factors
0.3854730993209315	TBX5	NKX2-5	T-Box factors	Homeo domain factors
0.3835976370458338	LEUTX	VENTX	Homeo domain factors	Homeo domain factors
0.3820830545610112	CEBPB	CEBPA	Basic leucine zipper factors (bZIP)	Basic leucine zipper factors (bZIP)
0.3812464258315117	ZNF131	ZBTB8A	C2H2 zinc finger factors	C2H2 zinc finger factors
0.3784890596225582	ZNF618	ZNF607	C2H2 zinc finger factors	C2H2 zinc finger factors
0.3782450355664869	POU1F1	PROP1	Homeo domain factors	Homeo domain factors
0.3780742506685299	TSHZ2	TSHZ1	Homeo domain factors	Homeo domain factors
0.3779644730092272	ZNF705E	ZNF280A	C2H2 zinc finger factors	C2H2 zinc finger factors
0.3771027996135431	SOX9	SOX2	High-mobility group (HMG) domain factors	High-mobility group (HMG) domain factors
0.3768673314407159	ZNF446	ZNF250	C2H2 zinc finger factors	C2H2 zinc finger factors
0.3766995032161185	ZNF32	ZNF57	C2H2 zinc finger factors	C2H2 zinc finger factors
0.376685401750442	ZNF620	ZBED3	C2H2 zinc finger factors	C2H2 zinc finger factors
0.37565179854201897	IRF1	STAT1	Tryptophan cluster factors	STAT domain factors
0.3749883886189864	LBX1	TLX3	Homeo domain factors	Homeo domain factors
0.3745569787147751	FOXK1	FOXK2	Fork head / winged helix factors	Fork head / winged helix factors
0.3745029431365692	TCF24	ZNF391	Basic helix-loop-helix factors (bHLH)	C2H2 zinc finger factors
0.374346419283019	TEAD2	TEAD3	TEA domain factors	TEA domain factors
0.3725232430645015	LHX6	LHX8	Homeo domain factors	Homeo domain factors
0.3714886173456078	IRF5	STAT4	Tryptophan cluster factors	STAT domain factors
0.3713906763541037	ZNF431	ZNF721	C2H2 zinc finger factors	C2H2 zinc finger factors
0.3711382871463239	E2F2	E2F3	Fork head / winged helix factors	Fork head / winged helix factors
0.3711252263263967	MEF2A	MEF2D	MADS box factors	MADS box factors
0.3708099243547832	ZNF574	ZNF684	C2H2 zinc finger factors	C2H2 zinc finger factors
0.3698440651845156	NHLH2	NHLH1	Basic helix-loop-helix factors (bHLH)	Basic helix-loop-helix factors (bHLH)
0.36978699847672347	ZNF41	ZNF182	C2H2 zinc finger factors	C2H2 zinc finger factors
0.3696632591960887	CREB1	FOS	Basic leucine zipper factors (bZIP)	Basic leucine zipper factors (bZIP)
0.36914792801509694	STAT6	STAT4	STAT domain factors	STAT domain factors
0.3684210526315789	ZBED5	ZBED2	C2H2 zinc finger factors	C2H2 zinc finger factors
0.3674234614174768	ZNF212	ZNF282	C2H2 zinc finger factors	C2H2 zinc finger factors
0.3670875474342804	FOXA2	NKX2-2	Fork head / winged helix factors	Homeo domain factors
0.3668996928526714	ZBTB39	ZFHX2	C2H2 zinc finger factors	Homeo domain factors
0.3664336567521557	AHR	NFE2L2	Basic helix-loop-helix factors (bHLH)	Basic leucine zipper factors (bZIP)
0.3651483716701108	ZNF726	ZNF566	C2H2 zinc finger factors	C2H2 zinc finger factors
0.36514837167011066	ZNF674	ZNF630	C2H2 zinc finger factors	Uncharacterized
0.3647634789161255	TBX2	TBX3	T-Box factors	T-Box factors
0.3636670334262917	ZBED1	ZBED2	C2H2 zinc finger factors	C2H2 zinc finger factors
0.3635504448691356	HES2	HES4	Basic helix-loop-helix factors (bHLH)	Basic helix-loop-helix factors (bHLH)
0.3633383485316352	FOXR1	FOXD4	Fork head / winged helix factors	Fork head / winged helix factors
0.36329248857073004	EGR1	FOS	C2H2 zinc finger factors	Basic leucine zipper factors (bZIP)
0.3614031611621005	ZNF211	ZNF490	C2H2 zinc finger factors	C2H2 zinc finger factors
0.3611575592573077	ZNF83	ZNF273	C2H2 zinc finger factors	Uncharacterized
0.3611575592573077	ZFP90	ZNF565	C2H2 zinc finger factors	C2H2 zinc finger factors
0.36074504334969015	ZSCAN21	ZNF708	C2H2 zinc finger factors	Uncharacterized
0.3606758639450405	SNAI1	SNAI2	C2H2 zinc finger factors	C2H2 zinc finger factors
0.3599685797352515	HES3	HES2	Basic helix-loop-helix factors (bHLH)	Basic helix-loop-helix factors (bHLH)
0.3598329734559174	ZBTB40	ZNF408	C2H2 zinc finger factors	C2H2 zinc finger factors
0.3586537204720621	VAX2	VAX1	Homeo domain factors	Homeo domain factors
0.358500819673416	GLIS1	ZNF679	C2H2 zinc finger factors	C2H2 zinc finger factors
0.3573089755710581	NFATC4	NFATC3	Rel homology region (RHR) factors	Rel homology region (RHR) factors
0.35729480050524826	ZNF8	ZNF829	Uncharacterized	C2H2 zinc finger factors
0.3563483225498991	ZNF333	ZNF528	C2H2 zinc finger factors	C2H2 zinc finger factors
0.3553345272593508	ZBTB14	ZBTB8A	C2H2 zinc finger factors	C2H2 zinc finger factors
0.35414101311159474	OLIG1	OLIG2	Basic helix-loop-helix factors (bHLH)	Basic helix-loop-helix factors (bHLH)
0.3538355786744278	DMRTA1	DMRTC2	DM-type intertwined zinc finger factors	DM-type intertwined zinc finger factors
0.3538037987799661	NFYC	NFYB	Heteromeric CCAAT-binding factors	Heteromeric CCAAT-binding factors
0.35379329133433823	LHX9	LHX5	Homeo domain factors	Homeo domain factors
0.3534038006024117	HAND2	NKX2-5	Basic helix-loop-helix factors (bHLH)	Homeo domain factors
0.3533781387953876	TBX21	FOXP3	T-Box factors	Fork head / winged helix factors
0.3528948853107269	SOX6	SOX5	High-mobility group (HMG) domain factors	High-mobility group (HMG) domain factors
0.3513909642493637	ZNF213	ZNF792	C2H2 zinc finger factors	C2H2 zinc finger factors
0.3508342457573604	OTX1	OTX2	Homeo domain factors	Homeo domain factors
0.3504383220252312	ZBED6	ZBED2	C2H2 zinc finger factors	C2H2 zinc finger factors
0.3503245248726854	USF3	ZNF468	Basic helix-loop-helix factors (bHLH)	C2H2 zinc finger factors
0.3503241324247425	EN2	EN1	Homeo domain factors	Homeo domain factors
0.35027867321101397	TLX1	TLX3	Homeo domain factors	Homeo domain factors
0.35023639845788995	ZNF280B	SKIDA1	C2H2 zinc finger factors	Uncharacterized
0.35013783630523704	SIX3	OTX2	Homeo domain factors	Homeo domain factors
0.3497076150632973	HAND1	HAND2	Basic helix-loop-helix factors (bHLH)	Basic helix-loop-helix factors (bHLH)
0.3489772412863049	HOXD1	HOXD8	Homeo domain factors	Homeo domain factors
0.3489316576700793	SOX10	SOX2	High-mobility group (HMG) domain factors	High-mobility group (HMG) domain factors
0.3487251000462955	SCRT1	SCRT2	C2H2 zinc finger factors	C2H2 zinc finger factors
0.3483365956060084	ZBTB32	ZBTB8A	C2H2 zinc finger factors	C2H2 zinc finger factors
0.3481553119113957	ZNF619	ZNF763	C2H2 zinc finger factors	C2H2 zinc finger factors
0.3478450602561999	GSX2	GSX1	Homeo domain factors	Homeo domain factors
0.3475964167264889	SOHLH2	SOHLH1	Basic helix-loop-helix factors (bHLH)	Basic helix-loop-helix factors (bHLH)
0.3474041668898257	ZSCAN1	ZNF689	C2H2 zinc finger factors	C2H2 zinc finger factors
0.34684398780964804	ZNF197	ZNF211	C2H2 zinc finger factors	C2H2 zinc finger factors
0.3465061598976367	DMRT1	DMRT3	DM-type intertwined zinc finger factors	DM-type intertwined zinc finger factors
0.34649185143834393	VSX2	POU4F2	Homeo domain factors	Homeo domain factors
0.3464794643376185	ZNF585A	ZNF471	C2H2 zinc finger factors	C2H2 zinc finger factors
0.34633083617103355	SP9	SP8	C2H2 zinc finger factors	C2H2 zinc finger factors
0.3451057175812343	ZKSCAN1	ZNF155	C2H2 zinc finger factors	C2H2 zinc finger factors
0.3441623640981709	MNX1	ISL2	Homeo domain factors	Homeo domain factors
0.34394100702481395	ONECUT1	ONECUT2	Homeo domain factors	Homeo domain factors
0.3437136210874241	MAFK	MAFG	Basic leucine zipper factors (bZIP)	Basic leucine zipper factors (bZIP)
0.342625915754029	BCL6B	ZBTB8A	C2H2 zinc finger factors	C2H2 zinc finger factors
0.3422405428512632	HOXB1	EGR2	Homeo domain factors	C2H2 zinc finger factors
0.3417573048208641	ATF4	DDIT3	Basic leucine zipper factors (bZIP)	Basic leucine zipper factors (bZIP)
0.3413872659438181	MEF2B	BORCS8-MEF2B	MADS box factors	MADS box factors
0.34089749981597195	HOXC11	HOXC12	Homeo domain factors	Homeo domain factors
0.3408703578417718	ZNF592	ZSCAN2	C2H2 zinc finger factors	C2H2 zinc finger factors
0.34074477121912305	FOXO4	FOXO3	Fork head / winged helix factors	Fork head / winged helix factors
0.34045226816005825	ZBED4	ZBED2	C2H2 zinc finger factors	C2H2 zinc finger factors
0.3400683014321937	TP63	TP53	p53 domain factors	p53 domain factors
0.3395840001293607	NFYA	NFYB	Heteromeric CCAAT-binding factors	Heteromeric CCAAT-binding factors
0.33944845147452635	TBXT	FOXA2	T-Box factors	Fork head / winged helix factors
0.3389463976313626	GSC	MYOD1	Homeo domain factors	Basic helix-loop-helix factors (bHLH)
0.3386670053338413	ZNF746	ZNF691	C2H2 zinc finger factors	C2H2 zinc finger factors
0.33806170189140666	ZNF230	ZNF211	C2H2 zinc finger factors	C2H2 zinc finger factors
0.3380617018914066	ZNF777	ZNF490	C2H2 zinc finger factors	C2H2 zinc finger factors
0.3377268214705401	ZNF536	ZNF285	C2H2 zinc finger factors	C2H2 zinc finger factors
0.3375678008963832	ZNF81	ZNF182	C2H2 zinc finger factors	C2H2 zinc finger factors
0.33715774787405484	CRX	NRL	Homeo domain factors	Basic leucine zipper factors (bZIP)
0.3364115847525746	NFATC1	NFATC2	Rel homology region (RHR) factors	Rel homology region (RHR) factors
0.3358443811019683	ELK3	ELK4	Tryptophan cluster factors	Tryptophan cluster factors
0.3356799912387313	HOXC13	HOXC12	Homeo domain factors	Homeo domain factors
0.3350442832744734	GATA5	GATA6	Other C4 zinc finger-type factors	Other C4 zinc finger-type factors
0.3347779431002596	ZNF579	ZNF574	C2H2 zinc finger factors	C2H2 zinc finger factors
0.3347676031631502	HOXA5	HOXC5	Homeo domain factors	Homeo domain factors
0.3346640106136304	HOXA6	HOXC5	Homeo domain factors	Homeo domain factors
0.33387353899787997	HOXC10	HOXC9	Homeo domain factors	Homeo domain factors
0.33364515567166736	E2F1	MYC	Fork head / winged helix factors	Basic helix-loop-helix factors (bHLH)
0.33340569485233035	ELF5	ZNF594	Tryptophan cluster factors	C2H2 zinc finger factors
0.3333333333333334	ZNF641	ZNF425	C2H2 zinc finger factors	C2H2 zinc finger factors
0.3332718299983016	STAT2	STAT1	STAT domain factors	STAT domain factors
0.33299901877558324	PRDM2	PRDM4	C2H2 zinc finger factors	C2H2 zinc finger factors
0.3326117873091988	NEUROD6	EMX1	Basic helix-loop-helix factors (bHLH)	Homeo domain factors
0.3321754236420158	MXD3	MXD4	Basic helix-loop-helix factors (bHLH)	Basic helix-loop-helix factors (bHLH)
0.3319644021559013	ZNF655	ZSCAN25	C2H2 zinc finger factors	C2H2 zinc finger factors
0.3319233700797463	NR1H4	PPARA	Nuclear receptors with C4 zinc fingers	Nuclear receptors with C4 zinc fingers
0.33178406926605697	HOXA3	HOXB3	Homeo domain factors	Homeo domain factors
0.3316004181589183	LEF1	SOX9	High-mobility group (HMG) domain factors	High-mobility group (HMG) domain factors
0.33085399885574274	GBX2	OTX2	Homeo domain factors	Homeo domain factors
0.3306208807706775	FOXC1	FOXC2	Fork head / winged helix factors	Fork head / winged helix factors
0.3302509200862115	FLI1	TAL1	Tryptophan cluster factors	Basic helix-loop-helix factors (bHLH)
0.3296902366978935	ETV3	ETV3L	Tryptophan cluster factors	Tryptophan cluster factors
0.32925985260049484	HOXB5	HOXC5	Homeo domain factors	Homeo domain factors
0.3288681232917147	LMX1B	EN1	Homeo domain factors	Homeo domain factors
0.32875466391488123	PTF1A	PDX1	Basic helix-loop-helix factors (bHLH)	Homeo domain factors
0.3282660821493064	ZNF181	ZNF189	C2H2 zinc finger factors	C2H2 zinc finger factors
0.3273587743534645	FOXA1	FOXA2	Fork head / winged helix factors	Fork head / winged helix factors
0.3273268353539886	ZNF649	ZNF829	C2H2 zinc finger factors	C2H2 zinc finger factors
0.3272535115590773	MYCN	MYC	Basic helix-loop-helix factors (bHLH)	Basic helix-loop-helix factors (bHLH)
0.3268404069287938	WT1	SOX9	C2H2 zinc finger factors	High-mobility group (HMG) domain factors
0.3266079790844853	IRF8	IRF4	Tryptophan cluster factors	Tryptophan cluster factors
0.3263669364686787	LHX2	LHX1	Homeo domain factors	Homeo domain factors
0.32633766658241903	ZNF512	ZNF600	C2H2 zinc finger factors	C2H2 zinc finger factors
0.32620204509683776	DLX3	GSC	Homeo domain factors	Homeo domain factors
0.3255854604627748	HOXB7	HOXB6	Homeo domain factors	Homeo domain factors
0.3251606065550817	ARNT	AHR	Basic helix-loop-helix factors (bHLH)	Basic helix-loop-helix factors (bHLH)
0.3247735579006715	NKX2-1	PAX6	Homeo domain factors	Paired box factors
0.3241763593892432	MKX	ZNF732	Homeo domain factors	C2H2 zinc finger factors
0.3234983196103152	ZNF124	ZNF556	C2H2 zinc finger factors	C2H2 zinc finger factors
0.3229612969107145	LHX3	ISL1	Homeo domain factors	Homeo domain factors
0.32274861218395146	FOXI2	FOXI3	Fork head / winged helix factors	Fork head / winged helix factors
0.32248055185711283	HOXA1	HOXB1	Homeo domain factors	Homeo domain factors
0.3216337604513385	CREBL2	ZNF620	Basic leucine zipper factors (bZIP)	C2H2 zinc finger factors
0.3214285714285714	ZNF716	ZNF792	C2H2 zinc finger factors	C2H2 zinc finger factors
0.3212231466133504	FOXG1	EMX1	Fork head / winged helix factors	Homeo domain factors
0.3211562245966915	JUND	JUNB	Basic leucine zipper factors (bZIP)	Basic leucine zipper factors (bZIP)
0.3209715167282991	ZBTB46	BATF3	C2H2 zinc finger factors	Basic leucine zipper factors (bZIP)
0.3202660945983505	HNF1B	HNF1A	Homeo domain factors	Homeo domain factors
0.3192211990345307	ZNF224	ZNF589	C2H2 zinc finger factors	C2H2 zinc finger factors
0.31795430406007896	TWIST1	SNAI1	Basic helix-loop-helix factors (bHLH)	C2H2 zinc finger factors
0.3173095594535913	HOXA9	HOXA10	Homeo domain factors	Homeo domain factors
0.3172785629612297	OSR2	OSR1	C2H2 zinc finger factors	C2H2 zinc finger factors
0.31721244868115245	E2F7	E2F8	Fork head / winged helix factors	Fork head / winged helix factors
0.316663795594602	HOXA4	HOXA6	Homeo domain factors	Homeo domain factors
0.31622776601683794	ZNF493	ZNF764	C2H2 zinc finger factors	C2H2 zinc finger factors
0.3160864093370961	PAX9	MSX1	Paired box factors	Homeo domain factors
0.3159358005164783	ATF6	ATF4	Basic leucine zipper factors (bZIP)	Basic leucine zipper factors (bZIP)
0.3157806640039651	XBP1	DDIT3	Basic leucine zipper factors (bZIP)	Basic leucine zipper factors (bZIP)
0.3155900959506869	FOXJ2	ZNF76	Fork head / winged helix factors	C2H2 zinc finger factors
0.3153937656724641	IRF2	IRF1	Tryptophan cluster factors	Tryptophan cluster factors
0.3150630189063022	ZNF511	ZNF468	C2H2 zinc finger factors	C2H2 zinc finger factors
0.3146532482312364	TCF7L2	PPARG	High-mobility group (HMG) domain factors	Nuclear receptors with C4 zinc fingers
0.31428091185703383	DBX1	NEUROG2	Homeo domain factors	Basic helix-loop-helix factors (bHLH)
0.3142453895629271	GATA3	GATA2	Other C4 zinc finger-type factors	Other C4 zinc finger-type factors
0.3142176183856732	RORC	FOXP3	Nuclear receptors with C4 zinc fingers	Fork head / winged helix factors
0.31402746879154386	ZNF664	ZNF484	C2H2 zinc finger factors	C2H2 zinc finger factors
0.3131160310429142	RBPJ	SMAD1	Rel homology region (RHR) factors	SMAD/NF-1 DNA-binding domain factors
0.31301652892562	NR2E3	NRL	Nuclear receptors with C4 zinc fingers	Basic leucine zipper factors (bZIP)
0.3123488989476784	SOX18	SOX7	High-mobility group (HMG) domain factors	High-mobility group (HMG) domain factors
0.3121040382630767	ETV6	RUNX1	Tryptophan cluster factors	Runt domain factors
0.3115647265595082	HOXA2	HOXB2	Homeo domain factors	Homeo domain factors
0.3115476246895381	RUNX3	RUNX1	Runt domain factors	Runt domain factors
0.31089470628276844	ZKSCAN3	ZNF417	C2H2 zinc finger factors	C2H2 zinc finger factors
0.3105155576900081	ZKSCAN8	ZNF165	C2H2 zinc finger factors	C2H2 zinc finger factors
0.3103520709777834	ATOH7	POU4F2	Basic helix-loop-helix factors (bHLH)	Homeo domain factors
0.3099302046122353	IRF9	IRF7	Tryptophan cluster factors	Tryptophan cluster factors
0.3098386676965933	ZNF563	ZNF414	C2H2 zinc finger factors	C2H2 zinc finger factors
0.3096682064137648	GFI1B	GFI1	C2H2 zinc finger factors	C2H2 zinc finger factors
0.3095936980890446	CDX2	CDX1	Homeo domain factors	Homeo domain factors
0.309426373877638	ZNF93	ZNF92	Uncharacterized	Uncharacterized
0.30927916213546003	SIX5	SIX4	Homeo domain factors	Homeo domain factors
0.3086066999241839	ZNF2	ZNF84	C2H2 zinc finger factors	C2H2 zinc finger factors
0.3079591463255745	ARNTL2	CLOCK	Basic helix-loop-helix factors (bHLH)	Basic helix-loop-helix factors (bHLH)
0.3077613940068584	TP73	TP63	p53 domain factors	p53 domain factors
0.3075623426146228	ZNF692	GZF1	C2H2 zinc finger factors	C2H2 zinc finger factors
0.3074088969130841	CEBPD	CEBPB	Basic leucine zipper factors (bZIP)	Basic leucine zipper factors (bZIP)
0.3062193315902585	ZNF274	ZNF417	C2H2 zinc finger factors	C2H2 zinc finger factors
0.3056106122686089	RAX	SIX3	Homeo domain factors	Homeo domain factors
0.30471305147102673	PROX1	PAX6	Homeo domain factors	Paired box factors
0.3042845398370061	FOXD3	SOX10	Fork head / winged helix factors	High-mobility group (HMG) domain factors
0.30369403054816835	FOXL1	ZBTB40	Fork head / winged helix factors	C2H2 zinc finger factors
0.3036320993291281	CREB3L1	CREB3L2	Basic leucine zipper factors (bZIP)	Basic leucine zipper factors (bZIP)
0.3032609998834607	TBX6	MESP2	T-Box factors	Basic helix-loop-helix factors (bHLH)
0.3032086474211573	FOXP4	FOXR1	Fork head / winged helix factors	Fork head / winged helix factors
0.3025776814286548	MEF2C	SMAD1	MADS box factors	SMAD/NF-1 DNA-binding domain factors
0.3021447661891581	FOXN1	FOXP3	Fork head / winged helix factors	Fork head / winged helix factors
0.3018745152504108	KLF4	MYC	C2H2 zinc finger factors	Basic helix-loop-helix factors (bHLH)
0.3018573440292859	GRHL1	GRHL3	Grainyhead	Grainyhead
0.30165874773815604	EMX2	EMX1	Homeo domain factors	Homeo domain factors
0.3014253945244887	REL	RELB	Rel homology region (RHR) factors	Rel homology region (RHR) factors
0.301248468234602	SIX1	SIX4	Homeo domain factors	Homeo domain factors
0.3010298711628105	CUX2	ETV1	Homeo domain factors	Tryptophan cluster factors
0.3008937068040974	NFIX	NFIB	SMAD/NF-1 DNA-binding domain factors	SMAD/NF-1 DNA-binding domain factors
0.30089238401650714	PRRX1	PRRX2	Homeo domain factors	Homeo domain factors
0.3004415197572273	TFAP2E	TFAP2D	Basic helix-span-helix factors (bHSH)	Basic helix-span-helix factors (bHSH)
0.3003124875651865	TSHZ3	TSHZ2	Homeo domain factors	Homeo domain factors
0.3002730997379377	ZSCAN18	ZNF331	Uncharacterized	C2H2 zinc finger factors
0.3002320801800949	NR4A1	NR4A3	Nuclear receptors with C4 zinc fingers	Nuclear receptors with C4 zinc fingers
0.3002138840386404	HOXB9	HOXB8	Homeo domain factors	Homeo domain factors
0.3001668056842817	BARHL1	BARHL2	Homeo domain factors	Homeo domain factors
0.3000664146927225	ZEB2	ZEB1	Homeo domain factors	Homeo domain factors
0.2983626625545292	TBX4	TBX2	T-Box factors	T-Box factors
0.29807923365734723	HOXA7	HOXA6	Homeo domain factors	Homeo domain factors
0.2976145552221596	ZFP69B	ZNF142	C2H2 zinc finger factors	C2H2 zinc finger factors
0.2972099490784295	NFE2L1	NRF1	Basic leucine zipper factors (bZIP)	Uncharacterized
0.29704426289300234	ZNF776	FERD3L	C2H2 zinc finger factors	Basic helix-loop-helix factors (bHLH)
0.296941275044229	PAX1	PAX9	Paired box factors	Paired box factors
0.2968661253879898	KLF12	ZNF600	C2H2 zinc finger factors	C2H2 zinc finger factors
0.29677162009769875	ZNF616	ZNF529	C2H2 zinc finger factors	C2H2 zinc finger factors
0.2963454585946129	ALX3	ALX1	Homeo domain factors	Homeo domain factors
0.2958064734310121	FOXF1	FOXF2	Fork head / winged helix factors	Fork head / winged helix factors
0.29580398915498074	ZNF420	ZSCAN23	C2H2 zinc finger factors	C2H2 zinc finger factors
0.2955014460472313	TCF15	MESP2	Basic helix-loop-helix factors (bHLH)	Basic helix-loop-helix factors (bHLH)
0.2954664228362266	TCF3	TCF12	Basic helix-loop-helix factors (bHLH)	Basic helix-loop-helix factors (bHLH)
0.2952118968086572	ATOH1	ISL1	Basic helix-loop-helix factors (bHLH)	Homeo domain factors
0.2950106575680303	PITX2	ISL1	Homeo domain factors	Homeo domain factors
0.2948839123097943	ZNF587B	ZNF417	C2H2 zinc finger factors	C2H2 zinc finger factors
0.2933068318747077	E2F5	E2F4	Fork head / winged helix factors	Fork head / winged helix factors
0.2931132405328668	PBX2	PBX1	Homeo domain factors	Homeo domain factors
0.2927947602079017	NR2F1	NR2F2	Nuclear receptors with C4 zinc fingers	Nuclear receptors with C4 zinc fingers
0.2923529977653126	TFAP2A	ISL1	Basic helix-span-helix factors (bHSH)	Homeo domain factors
0.29150876508207263	NKRF	ZNF768	Uncharacterized	C2H2 zinc finger factors
0.29138575870717925	ZNF91	ZNF92	C2H2 zinc finger factors	Uncharacterized
0.29070094986690564	ZBTB17	ZNF19	C2H2 zinc finger factors	C2H2 zinc finger factors
0.2898855178262242	ZNF180	ZNF544	C2H2 zinc finger factors	C2H2 zinc finger factors
0.2898449743969592	SIX6	SIX3	Homeo domain factors	Homeo domain factors
0.28947413975985625	SP140	SP110	SAND domain factors	SAND domain factors
0.2894143807081532	ZIM3	ZNF512B	C2H2 zinc finger factors	C2H2 zinc finger factors
0.2893456933022473	ZNF337	ZNF124	C2H2 zinc finger factors	C2H2 zinc finger factors
0.28908105926991057	PAX8	PAX2	Paired box factors	Paired box factors
0.2890577128395476	ATF2	JUN	Basic leucine zipper factors (bZIP)	Basic leucine zipper factors (bZIP)
0.28880007514798783	ZBTB12	ZNF184	C2H2 zinc finger factors	C2H2 zinc finger factors
0.2886751345948129	ZNF550	ZNF497	C2H2 zinc finger factors	C2H2 zinc finger factors
0.2886751345948129	RBAK	ZNF829	C2H2 zinc finger factors	C2H2 zinc finger factors
0.288000948179834	KLF14	ZNF664	C2H2 zinc finger factors	C2H2 zinc finger factors
0.287890986040667	POU3F2	TBR1	Homeo domain factors	T-Box factors
0.2878908289454443	NFIA	NFIB	SMAD/NF-1 DNA-binding domain factors	SMAD/NF-1 DNA-binding domain factors
0.28781078488263057	SKIL	SKI	Uncharacterized	Uncharacterized
0.2876803115168185	TBX20	TBX2	T-Box factors	T-Box factors
0.2873478855663454	ZBTB22	ZNF573	C2H2 zinc finger factors	Uncharacterized
0.28658285675049944	SOX11	SOX12	High-mobility group (HMG) domain factors	High-mobility group (HMG) domain factors
0.2857142857142857	PURG	ZNF619	Uncharacterized	C2H2 zinc finger factors
0.2849014411490949	ZNF236	ZNF181	C2H2 zinc finger factors	C2H2 zinc finger factors
0.2844438665952257	DBX2	DBX1	Homeo domain factors	Homeo domain factors
0.2843590385150791	ATF3	NFE2L2	Basic leucine zipper factors (bZIP)	Basic leucine zipper factors (bZIP)
0.2841911955063796	RHOXF1	RHOXF2	Homeo domain factors	Homeo domain factors
0.2837521769195828	ZNF268	ZNF589	C2H2 zinc finger factors	C2H2 zinc finger factors
0.28372679544657536	POU6F1	POU5F2	Homeo domain factors	Homeo domain factors
0.2836565435865258	NR4A2	NR4A1	Nuclear receptors with C4 zinc fingers	Nuclear receptors with C4 zinc fingers
0.2834733547569204	ZNF157	ZNF524	C2H2 zinc finger factors	C2H2 zinc finger factors
0.2829775851568027	BCL6	MYC	C2H2 zinc finger factors	Basic helix-loop-helix factors (bHLH)
0.2823733468498826	HSF1	NFE2L2	Heat shock factors	Basic leucine zipper factors (bZIP)
0.28179880771044874	POU2F2	POU2F1	Homeo domain factors	Homeo domain factors
0.28146975549394604	FOSB	FOS	Basic leucine zipper factors (bZIP)	Basic leucine zipper factors (bZIP)
0.2811599004463513	NEUROD4	NEUROD1	Basic helix-loop-helix factors (bHLH)	Basic helix-loop-helix factors (bHLH)
0.2806917861068948	ZNF662	RFX7	C2H2 zinc finger factors	Fork head / winged helix factors
0.2804163217681395	PITX3	NR4A2	Homeo domain factors	Nuclear receptors with C4 zinc fingers
0.280285101520231	ZNF740	ZNF8	C2H2 zinc finger factors	Uncharacterized
0.2797671502854032	ZNF143	THAP11	C2H2 zinc finger factors	C2CH THAP-type zinc finger factors
0.27928637336738177	PBX3	PBX2	Homeo domain factors	Homeo domain factors
0.2790259447712307	NKX6-2	DBX1	Homeo domain factors	Homeo domain factors
0.2782699473365424	BHLHE40	BHLHE41	Basic helix-loop-helix factors (bHLH)	Basic helix-loop-helix factors (bHLH)
0.2782074420373286	ZSCAN30	ZNF397	C2H2 zinc finger factors	C2H2 zinc finger factors
0.27774673122473803	TBX18	UNCX	T-Box factors	Homeo domain factors
0.27761586055767906	LMX1A	LMX1B	Homeo domain factors	Homeo domain factors
0.2773500981126145	ZNF646	ZBTB39	C2H2 zinc finger factors	C2H2 zinc finger factors
0.2765297412812847	IKZF1	RUNX1	C2H2 zinc finger factors	Runt domain factors
0.276219478137854	ZIC2	ZIC5	C2H2 zinc finger factors	C2H2 zinc finger factors
0.276211078523504	ZIK1	ZNF655	C2H2 zinc finger factors	C2H2 zinc finger factors
0.27611501311155745	ALX4	ALX3	Homeo domain factors	Homeo domain factors
0.2753695078555099	FOXA3	FOXA2	Fork head / winged helix factors	Fork head / winged helix factors
0.27519499703020245	CDC5L	NKRF	Tryptophan cluster factors	Uncharacterized
0.2748832530976198	POU3F1	ZNF484	Homeo domain factors	C2H2 zinc finger factors
0.2747211278973781	ZNF483	ZNF721	C2H2 zinc finger factors	C2H2 zinc finger factors
0.274709163264672	MXD1	MXD4	Basic helix-loop-helix factors (bHLH)	Basic helix-loop-helix factors (bHLH)
0.2741446324535748	ZNF300	ZNF589	C2H2 zinc finger factors	C2H2 zinc finger factors
0.2741249873151301	BBX	ZNF500	High-mobility group (HMG) domain factors	C2H2 zinc finger factors
0.27401701449377536	TAL2	ZNF484	Basic helix-loop-helix factors (bHLH)	C2H2 zinc finger factors
0.2740047921122617	MEOX1	TBXT	Homeo domain factors	T-Box factors
0.2733759577000273	NR5A1	FOXL2	Nuclear receptors with C4 zinc fingers	Fork head / winged helix factors
0.2732556135539279	SOX4	SOX12	High-mobility group (HMG) domain factors	High-mobility group (HMG) domain factors
0.27287361213577904	ETS1	STAT3	Tryptophan cluster factors	STAT domain factors
0.2721138856611605	FOXM1	HIF1A	Fork head / winged helix factors	Basic helix-loop-helix factors (bHLH)
0.27181241875602546	HESX1	OTX2	Homeo domain factors	Homeo domain factors
0.2706364501500764	TFDP1	E2F4	Fork head / winged helix factors	Fork head / winged helix factors
0.2705008904002297	ZNF267	ZNF658	C2H2 zinc finger factors	C2H2 zinc finger factors
0.270430129157677	MAFA	PDX1	Basic leucine zipper factors (bZIP)	Homeo domain factors
0.2701716134791496	ZBTB21	ZNF780A	C2H2 zinc finger factors	C2H2 zinc finger factors
0.2700406282521578	HSF2	HSF1	Heat shock factors	Heat shock factors
0.2697961073388989	OTP	SIM1	Homeo domain factors	Basic helix-loop-helix factors (bHLH)
0.2697302042602632	IRX3	IRX2	Homeo domain factors	Homeo domain factors
0.2690431905192644	EVX2	EVX1	Homeo domain factors	Homeo domain factors
0.2689368773990604	ZNF23	ZNF32	C2H2 zinc finger factors	C2H2 zinc finger factors
0.2687171820814176	ENO1	HIF1A	Uncharacterized	Basic helix-loop-helix factors (bHLH)
0.2686992629665197	ZIC1	ZIC4	C2H2 zinc finger factors	C2H2 zinc finger factors
0.2686885908028825	SOX3	SOX2	High-mobility group (HMG) domain factors	High-mobility group (HMG) domain factors
0.2678158435869412	GRHL2	GRHL1	Grainyhead	Grainyhead
0.2672612419124244	ZNF626	ZSCAN32	Uncharacterized	C2H2 zinc finger factors
0.2672612419124244	ZNF266	ZNF227	C2H2 zinc finger factors	C2H2 zinc finger factors
0.2672189706203838	TCF7L1	LEF1	High-mobility group (HMG) domain factors	High-mobility group (HMG) domain factors
0.26705908644576065	MSGN1	MESP2	Basic helix-loop-helix factors (bHLH)	Basic helix-loop-helix factors (bHLH)
0.2662446776143927	TFAP2B	TFAP2A	Basic helix-span-helix factors (bHSH)	Basic helix-span-helix factors (bHSH)
0.26619856874997505	GBX1	GBX2	Homeo domain factors	Homeo domain factors
0.2657846221521215	TFCP2L1	UBP1	Grainyhead	Grainyhead
0.26573614519289324	ZBTB7C	ZNF670	C2H2 zinc finger factors	C2H2 zinc finger factors
0.2650719057939449	CDX4	CDX1	Homeo domain factors	Homeo domain factors
0.2648761257255042	SALL3	SALL2	C2H2 zinc finger factors	C2H2 zinc finger factors
0.2644718419629145	HOMEZ	GLI4	Homeo domain factors	C2H2 zinc finger factors
0.2643996280011653	NFIC	NFIA	SMAD/NF-1 DNA-binding domain factors	SMAD/NF-1 DNA-binding domain factors
0.26437822124169563	ZBTB38	PLAG1	C2H2 zinc finger factors	C2H2 zinc finger factors
0.26421715489507985	HHEX	TCF7L2	Homeo domain factors	High-mobility group (HMG) domain factors
0.26396931244149385	NPAS2	CLOCK	Basic helix-loop-helix factors (bHLH)	Basic helix-loop-helix factors (bHLH)
0.26359051860038624	SIX2	FOXD1	Homeo domain factors	Fork head / winged helix factors
0.26352313834736496	ZHX3	ZNF880	Homeo domain factors	C2H2 zinc finger factors
0.26331669036651945	KLF5	KLF4	C2H2 zinc finger factors	C2H2 zinc finger factors
0.26298922548803794	YY1	SP1	C2H2 zinc finger factors	C2H2 zinc finger factors
0.2628459068355695	GTF2IRD1	GTF2I	Uncharacterized	Uncharacterized
0.26233330518486936	ELK1	ELK4	Tryptophan cluster factors	Tryptophan cluster factors
0.2621837778937075	FIGLA	SOHLH1	Basic helix-loop-helix factors (bHLH)	Basic helix-loop-helix factors (bHLH)
0.26215526280295204	TCF4	TCF7L2	Basic helix-loop-helix factors (bHLH)	High-mobility group (HMG) domain factors
0.26184479772639524	EBF3	LHX2	Rel homology region (RHR) factors	Homeo domain factors
0.26148818018424536	ZNF613	ZFP2	C2H2 zinc finger factors	C2H2 zinc finger factors
0.2612831717793987	ZBTB10	ZBTB8A	Uncharacterized	C2H2 zinc finger factors
0.2603424728956171	SOX1	SOX2	High-mobility group (HMG) domain factors	High-mobility group (HMG) domain factors
0.260320773688852	MEIS2	MEIS3	Homeo domain factors	Homeo domain factors
0.2595760427861999	WIZ	ZNF644	C2H2 zinc finger factors	C2H2 zinc finger factors
0.25928148942086576	CC2D1B	ZNF528	Uncharacterized	C2H2 zinc finger factors
0.25898385617807	FEZF2	TBR1	C2H2 zinc finger factors	T-Box factors
0.25897646351654763	CREM	CREB1	Basic leucine zipper factors (bZIP)	Basic leucine zipper factors (bZIP)
0.25886349545339626	DMTF1	ZNF500	Tryptophan cluster factors	C2H2 zinc finger factors
0.25885163539816114	ZNF16	ZNF250	C2H2 zinc finger factors	C2H2 zinc finger factors
0.25883569148730545	SALL1	SIX2	C2H2 zinc finger factors	Homeo domain factors
0.25819888974716115	ZNF454	ZNF425	C2H2 zinc finger factors	C2H2 zinc finger factors
0.25819888974716115	ZNF548	ZNF780A	C2H2 zinc finger factors	C2H2 zinc finger factors
0.25819888974716115	ZNF404	ZNF284	C2H2 zinc finger factors	C2H2 zinc finger factors
0.25819888974716115	ZNF540	ZNF641	Uncharacterized	C2H2 zinc finger factors
0.25809270060438194	ZNF146	ZNF524	C2H2 zinc finger factors	C2H2 zinc finger factors
0.257443248610439	PRDM1	IRF4	C2H2 zinc finger factors	Tryptophan cluster factors
0.25739105216115843	GCM1	ASCL2	GCM domain factors	Basic helix-loop-helix factors (bHLH)
0.2571509916396199	DUX4	DUX1	Homeo domain factors	Homeo domain factors
0.2571314386614797	ERF	ETV3	Tryptophan cluster factors	Tryptophan cluster factors
0.2570996157530041	BSX	ZNF483	Homeo domain factors	C2H2 zinc finger factors
0.25620504608813943	FOXJ3	FOXB2	Fork head / winged helix factors	Fork head / winged helix factors
0.2558762025099149	NOBOX	FIGLA	Homeo domain factors	Basic helix-loop-helix factors (bHLH)
0.25575404428464066	BHLHE22	BARHL2	Basic helix-loop-helix factors (bHLH)	Homeo domain factors
0.255550625999976	ZNF595	ZNF43	C2H2 zinc finger factors	C2H2 zinc finger factors
0.25534411542847546	ZBTB37	RBAK	C2H2 zinc finger factors	C2H2 zinc finger factors
0.2550642615154092	ZIC3	ZIC1	C2H2 zinc finger factors	C2H2 zinc finger factors
0.2546421034666004	NR5A2	NR5A1	Nuclear receptors with C4 zinc fingers	Nuclear receptors with C4 zinc fingers
0.25400607348771803	TEAD1	TEAD3	TEA domain factors	TEA domain factors
0.2535834735715701	TFAP2C	TFAP2A	Basic helix-span-helix factors (bHSH)	Basic helix-span-helix factors (bHSH)
0.25302403842552984	ZNF800	ZNF639	C2H2 zinc finger factors	C2H2 zinc finger factors
0.2529822128134703	ZNF676	ZNF595	C2H2 zinc finger factors	C2H2 zinc finger factors
0.25267174952571003	KLF2	KLF4	C2H2 zinc finger factors	C2H2 zinc finger factors
0.25219532999651223	ZNF280C	ZNF362	C2H2 zinc finger factors	C2H2 zinc finger factors
0.2517042606844451	ETS2	ETS1	Tryptophan cluster factors	Tryptophan cluster factors
0.25127227284768383	ERG	AR	Tryptophan cluster factors	Nuclear receptors with C4 zinc fingers
0.2492844058138359	MAX	MYC	Basic helix-loop-helix factors (bHLH)	Basic helix-loop-helix factors (bHLH)
0.2491009475118111	ZNF319	ZBTB43	C2H2 zinc finger factors	C2H2 zinc finger factors
0.24855623552344336	TBX1	ISL1	T-Box factors	Homeo domain factors
0.24796295195442436	PKNOX1	PBX1	Homeo domain factors	Homeo domain factors
0.24771684715343115	SP140L	CSRNP2	SAND domain factors	AXUD/CSRNP domain factors
0.2474358296526968	ZNF774	PURG	C2H2 zinc finger factors	Uncharacterized
0.24743582965269675	ZNF398	ZNF679	C2H2 zinc finger factors	C2H2 zinc finger factors
0.2470201693507142	BARX1	NKX3-2	Homeo domain factors	Homeo domain factors
0.2464000131182529	TCF21	TBX18	Basic helix-loop-helix factors (bHLH)	T-Box factors
0.24602624423791145	ZNF423	GLIS2	C2H2 zinc finger factors	C2H2 zinc finger factors
0.2455846789239841	RFX1	RFX2	Fork head / winged helix factors	Fork head / winged helix factors
0.2455538622250784	RORA	NR1D1	Nuclear receptors with C4 zinc fingers	Nuclear receptors with C4 zinc fingers
0.2449489742783178	ZNF516	ZNF573	C2H2 zinc finger factors	Uncharacterized
0.2449489742783178	ZNF718	ZNF660	C2H2 zinc finger factors	C2H2 zinc finger factors
0.24494897427831774	RLF	ZNF529	C2H2 zinc finger factors	C2H2 zinc finger factors
0.24474534704521936	NACC1	ZBTB8A	Uncharacterized	C2H2 zinc finger factors
0.2447043921161982	ZNF780B	ZNF354A	C2H2 zinc finger factors	C2H2 zinc finger factors
0.2445264187786395	MESP1	TBX1	Basic helix-loop-helix factors (bHLH)	T-Box factors
0.2438565550020662	ZBTB2	ZNF785	C2H2 zinc finger factors	C2H2 zinc finger factors
0.24373094525021785	MAFB	MAFA	Basic leucine zipper factors (bZIP)	Basic leucine zipper factors (bZIP)
0.2433321316961438	ZKSCAN5	ZSCAN25	C2H2 zinc finger factors	C2H2 zinc finger factors
0.24317606449045	TWIST2	TWIST1	Basic helix-loop-helix factors (bHLH)	Basic helix-loop-helix factors (bHLH)
0.24273536950000985	TBX10	TBX22	T-Box factors	T-Box factors
0.2424643224844359	ZNF26	ZNF333	C2H2 zinc finger factors	C2H2 zinc finger factors
0.242404842807877	RFX3	RFX1	Fork head / winged helix factors	Fork head / winged helix factors
0.24192057674315445	HIF3A	EPAS1	Basic helix-loop-helix factors (bHLH)	Basic leucine zipper factors (bZIP)
0.2416993411609729	MITF	SOX10	Basic helix-loop-helix factors (bHLH)	High-mobility group (HMG) domain factors
0.2413075886643423	ZBTB6	ZBTB14	C2H2 zinc finger factors	C2H2 zinc finger factors
0.2410808544498581	SOX17	FOXA2	High-mobility group (HMG) domain factors	Fork head / winged helix factors
0.24096074779027254	IRX4	IRX2	Homeo domain factors	Homeo domain factors
0.2405228464604173	ZNF711	ZSCAN23	C2H2 zinc finger factors	C2H2 zinc finger factors
0.2403867475758001	IRX6	IRX3	Homeo domain factors	Homeo domain factors
0.24038098691020576	ZNF225	ZNF101	C2H2 zinc finger factors	C2H2 zinc finger factors
0.24002540467118225	NR2E1	NR2E3	Nuclear receptors with C4 zinc fingers	Nuclear receptors with C4 zinc fingers
0.2399343517520677	LRRFIP1	ZNF574	Leucine-rich repeat flightless-interacting proteins	C2H2 zinc finger factors
0.2368725528888765	MYT1	MYT1L	C2HC	C2HC
0.23679901964513536	SKOR2	ZNF483	Uncharacterized	C2H2 zinc finger factors
0.23630305498949955	ZNF148	ZNF140	C2H2 zinc finger factors	C2H2 zinc finger factors
0.2359820660444447	FOSL2	FOSB	Basic leucine zipper factors (bZIP)	Basic leucine zipper factors (bZIP)
0.2357022603955159	ZNF480	ZNF641	C2H2 zinc finger factors	C2H2 zinc finger factors
0.2357022603955159	NANOGNB	TPRX1	Homeo domain factors	Homeo domain factors
0.23570226039551576	TGIF2	ZNF500	Homeo domain factors	C2H2 zinc finger factors
0.2355941152829656	ZNF784	ZNF616	C2H2 zinc finger factors	C2H2 zinc finger factors
0.2355659769146826	ZFHX4	ZNF529	Homeo domain factors	C2H2 zinc finger factors
0.23529944806849154	LHX4	LHX3	Homeo domain factors	Homeo domain factors
0.2352376310770464	TFDP2	TFDP1	Uncharacterized	Fork head / winged helix factors
0.23443292141616104	EBF2	EBF1	Rel homology region (RHR) factors	Rel homology region (RHR) factors
0.2340771639900954	E2F6	TFDP1	Fork head / winged helix factors	Fork head / winged helix factors
0.2339366755325124	EHF	ZNF557	Tryptophan cluster factors	C2H2 zinc finger factors
0.23372261898725724	NKX2-4	ZBTB41	Homeo domain factors	C2H2 zinc finger factors
0.23249527748763854	CREB5	ZNF486	Basic leucine zipper factors (bZIP)	Uncharacterized
0.23243345962318104	KLF13	KLF11	C2H2 zinc finger factors	C2H2 zinc finger factors
0.23240483185998426	POU3F3	POU3F2	Homeo domain factors	Homeo domain factors
0.23223088046907586	HLF	ARNTL	Basic leucine zipper factors (bZIP)	Basic helix-loop-helix factors (bHLH)
0.2317918433324048	ZNF687	ZNF592	C2H2 zinc finger factors	C2H2 zinc finger factors
0.2317776002045137	SOX14	HELT	High-mobility group (HMG) domain factors	Basic helix-loop-helix factors (bHLH)
0.2315230899423869	TEF	DBP	Basic leucine zipper factors (bZIP)	Basic leucine zipper factors (bZIP)
0.2311250817605121	ZBTB47	HIC2	C2H2 zinc finger factors	C2H2 zinc finger factors
0.2310102569456168	SRF	EGR1	MADS box factors	C2H2 zinc finger factors
0.23079207121499054	FOXN4	VSX2	Fork head / winged helix factors	Homeo domain factors
0.2299838298304276	ZNF292	ZNF232	C2H2 zinc finger factors	C2H2 zinc finger factors
0.22955351504513036	FOSL1	FOS	Basic leucine zipper factors (bZIP)	Basic leucine zipper factors (bZIP)
0.2291746242570528	ZNF396	ZNF397	C2H2 zinc finger factors	C2H2 zinc finger factors
0.22864592551738905	SIM2	SIM1	Basic helix-loop-helix factors (bHLH)	Basic helix-loop-helix factors (bHLH)
0.2282524542440096	EBF4	EBF2	Rel homology region (RHR) factors	Rel homology region (RHR) factors
0.2280491625631333	ASCL4	ZBED4	Basic helix-loop-helix factors (bHLH)	C2H2 zinc finger factors
0.22750787759664504	ZNF479	ZNF382	C2H2 zinc finger factors	C2H2 zinc finger factors
0.2274592198183685	SCX	SOX9	Basic helix-loop-helix factors (bHLH)	High-mobility group (HMG) domain factors
0.2273329125847499	IKZF3	IKZF1	C2H2 zinc finger factors	C2H2 zinc finger factors
0.22718473369882594	ZFP62	ZNF566	C2H2 zinc finger factors	C2H2 zinc finger factors
0.225235683388398	MLXIPL	SREBF1	Basic helix-loop-helix factors (bHLH)	Basic helix-loop-helix factors (bHLH)
0.225	ISX	ZNF792	Homeo domain factors	C2H2 zinc finger factors
0.2249606353329238	ZNF239	ZNF485	C2H2 zinc finger factors	C2H2 zinc finger factors
0.22347491522730034	RFX4	RFX1	Fork head / winged helix factors	Fork head / winged helix factors
0.2229978693352242	FOXN2	ZNF704	Fork head / winged helix factors	C2H2 zinc finger factors
0.22222222222222227	ZNF233	ZNF284	C2H2 zinc finger factors	C2H2 zinc finger factors
0.2220941771397258	FOXR2	FOXR1	Fork head / winged helix factors	Fork head / winged helix factors
0.22206411318603855	HES6	HES5	Basic helix-loop-helix factors (bHLH)	Basic helix-loop-helix factors (bHLH)
0.22166536637423653	SALL4	POU5F1	C2H2 zinc finger factors	Homeo domain factors
0.2211159971291128	ZNF74	ZNF70	C2H2 zinc finger factors	C2H2 zinc finger factors
0.2207827321561587	FOXJ1	RFX2	Fork head / winged helix factors	Fork head / winged helix factors
0.2206949036272981	ZFP41	ZSCAN21	C2H2 zinc finger factors	C2H2 zinc finger factors
0.21903427127735745	ZNF707	ZNF250	C2H2 zinc finger factors	C2H2 zinc finger factors
0.21838043617304564	ZFAT	ZNF484	C2H2 zinc finger factors	C2H2 zinc finger factors
0.2182178902359924	ZNF229	ZNF425	C2H2 zinc finger factors	C2H2 zinc finger factors
0.2182178902359924	INSM2	ZNF625	C2H2 zinc finger factors	C2H2 zinc finger factors
0.2182178902359924	ZHX1	ZNF780A	Homeo domain factors	C2H2 zinc finger factors
0.2180336623515386	HIVEP3	ZBTB41	C2H2 zinc finger factors	C2H2 zinc finger factors
0.21794826780687165	PITX1	PITX2	Homeo domain factors	Homeo domain factors
0.21786957734000093	NPAS1	NPAS3	Basic helix-loop-helix factors (bHLH)	Basic helix-loop-helix factors (bHLH)
0.21744954585406565	IRF6	TP63	Tryptophan cluster factors	p53 domain factors
0.2169815183013732	ZBTB5	ZNF646	C2H2 zinc finger factors	C2H2 zinc finger factors
0.2162811752731771	ZBTB18	ZBTB47	C2H2 zinc finger factors	C2H2 zinc finger factors
0.21613560278844765	OLIG3	LHX9	Basic helix-loop-helix factors (bHLH)	Homeo domain factors
0.2160723056435922	POU4F3	LHX2	Homeo domain factors	Homeo domain factors
0.2151657414559676	ZSCAN26	ZFP2	C2H2 zinc finger factors	C2H2 zinc finger factors
0.21515086245939474	TBX19	POU1F1	T-Box factors	Homeo domain factors
0.21514114968019088	MYNN	ZNF676	C2H2 zinc finger factors	C2H2 zinc finger factors
0.21489770149657486	CTCF	MYC	C2H2 zinc finger factors	Basic helix-loop-helix factors (bHLH)
0.214556180658952	MXI1	MAX	Basic helix-loop-helix factors (bHLH)	Basic helix-loop-helix factors (bHLH)
0.21454791463671324	MECOM	RUNX1	C2H2 zinc finger factors	Runt domain factors
0.21416765343956845	TFCP2	UBP1	Grainyhead	Grainyhead
0.21356054904431224	ZSCAN10	ZNF524	C2H2 zinc finger factors	C2H2 zinc finger factors
0.2129911651792984	KLF1	GATA1	C2H2 zinc finger factors	Other C4 zinc finger-type factors
0.21292401138871472	ARX	PAX6	Homeo domain factors	Paired box factors
0.21103786222637214	FOXB1	EGR2	Fork head / winged helix factors	C2H2 zinc finger factors
0.21099892877738854	JPH2	ZNF662	Uncharacterized	C2H2 zinc finger factors
0.21065949228256486	PAX5	MYC	Paired box factors	Basic helix-loop-helix factors (bHLH)
0.21035762183827367	ADNP	ADNP2	Homeo domain factors	Homeo domain factors
0.2098504727701362	NKX2-6	NKX2-5	Homeo domain factors	Homeo domain factors
0.2095904412543876	SP2	ZNF341	C2H2 zinc finger factors	C2H2 zinc finger factors
0.20927186214624885	ZGPAT	IKZF3	C3H zinc finger factors	C2H2 zinc finger factors
0.2090943475794436	SNAI3	SNAI2	C2H2 zinc finger factors	C2H2 zinc finger factors
0.20907752039478056	ELF2	ELF1	Tryptophan cluster factors	Tryptophan cluster factors
0.20847696198419846	ZNF569	ZNF57	C2H2 zinc finger factors	C2H2 zinc finger factors
0.2076136996343499	ZNF577	ZNF189	C2H2 zinc finger factors	C2H2 zinc finger factors
0.2075349943880921	INSM1	INSM2	C2H2 zinc finger factors	C2H2 zinc finger factors
0.20739033894608497	SOX21	SOX14	High-mobility group (HMG) domain factors	High-mobility group (HMG) domain factors
0.20735414805131466	BACH1	NFE2L2	Basic leucine zipper factors (bZIP)	Basic leucine zipper factors (bZIP)
0.206896551724138	RFX8	ZNF707	Fork head / winged helix factors	C2H2 zinc finger factors
0.2066509770954872	ONECUT3	ONECUT2	Homeo domain factors	Homeo domain factors
0.206418738616856	ZBTB25	ZNF212	C2H2 zinc finger factors	C2H2 zinc finger factors
0.20611562262017896	MEOX2	SOX2	Homeo domain factors	High-mobility group (HMG) domain factors
0.20608503698969144	HNF4G	ZNF705B	Nuclear receptors with C4 zinc fingers	Uncharacterized
0.2058354730882125	BATF	IRF4	Basic leucine zipper factors (bZIP)	Tryptophan cluster factors
0.20465780403866032	RREB1	ZNF486	C2H2 zinc finger factors	Uncharacterized
0.20463219556038034	BARX2	BARX1	Homeo domain factors	Homeo domain factors
0.2041591549475187	NR2C1	NR2C2	Nuclear receptors with C4 zinc fingers	Nuclear receptors with C4 zinc fingers
0.20412414523193154	ZNF358	ZNF493	C2H2 zinc finger factors	C2H2 zinc finger factors
0.2041241452319315	ZNF442	ZNF695	C2H2 zinc finger factors	C2H2 zinc finger factors
0.2040035871289076	REST	CREB1	C2H2 zinc finger factors	Basic leucine zipper factors (bZIP)
0.20384166219444386	ZBTB20	CREB1	C2H2 zinc finger factors	Basic leucine zipper factors (bZIP)
0.20325758239112166	IKZF5	IKZF4	C2H2 zinc finger factors	C2H2 zinc finger factors
0.20321580594099334	MAF	MAFB	Basic leucine zipper factors (bZIP)	Basic leucine zipper factors (bZIP)
0.20303653003383498	ZNF174	ZNF280C	C2H2 zinc finger factors	C2H2 zinc finger factors
0.20300562838221828	ATF1	CREB1	Basic leucine zipper factors (bZIP)	Basic leucine zipper factors (bZIP)
0.2029531222278744	MGA	E2F7	Basic helix-loop-helix factors (bHLH)	Fork head / winged helix factors
0.2029041287068773	KLF6	SP1	C2H2 zinc finger factors	C2H2 zinc finger factors
0.20281108538990691	ESRRG	NR1H2	Nuclear receptors with C4 zinc fingers	Nuclear receptors with C4 zinc fingers
0.20272121351984584	ZNF280D	ZBTB26	C2H2 zinc finger factors	C2H2 zinc finger factors
0.2022420048124592	ATF6B	ATF6	Basic leucine zipper factors (bZIP)	Basic leucine zipper factors (bZIP)
0.20203050891044214	ZNF334	ZNF324	C2H2 zinc finger factors	C2H2 zinc finger factors
0.2019424156850142	TFEB	TFE3	Basic helix-loop-helix factors (bHLH)	Basic helix-loop-helix factors (bHLH)
0.2018214539786613	NFAT5	HIF1A	Rel homology region (RHR) factors	Basic helix-loop-helix factors (bHLH)
0.20168779363584427	ZNF584	ZBTB5	C2H2 zinc finger factors	C2H2 zinc finger factors
0.2016700642844089	NEUROD2	NEUROD6	Basic helix-loop-helix factors (bHLH)	Basic helix-loop-helix factors (bHLH)
0.20145574100634506	ZNF559	ZNF436	C2H2 zinc finger factors	C2H2 zinc finger factors
0.2012608122258735	NFE2	KLF1	Basic leucine zipper factors (bZIP)	C2H2 zinc finger factors
0.20118389915778653	POU2F3	POU5F2	Homeo domain factors	Homeo domain factors
0.20028548959502573	POU3F4	POU3F3	Homeo domain factors	Homeo domain factors
0.19911336892039905	CTCFL	ZNF679	C2H2 zinc finger factors	C2H2 zinc finger factors
0.19867985355975654	HIVEP1	ZNF233	C2H2 zinc finger factors	C2H2 zinc finger factors
0.19859348978538272	ZNF141	ZNF14	C2H2 zinc finger factors	C2H2 zinc finger factors
0.19705921270232693	FOXN3	ETV7	Fork head / winged helix factors	Tryptophan cluster factors
0.1969139924572169	FOXE1	IRF6	Fork head / winged helix factors	Tryptophan cluster factors
0.1968748077395394	ZNF875	GLI4	C2H2 zinc finger factors	C2H2 zinc finger factors
0.1968652710762492	FOXP2	FOXP1	Fork head / winged helix factors	Fork head / winged helix factors
0.1965101804121901	MNT	MXD1	Basic helix-loop-helix factors (bHLH)	Basic helix-loop-helix factors (bHLH)
0.19609867698751615	ZNF24	ZKSCAN8	C2H2 zinc finger factors	C2H2 zinc finger factors
0.19596237883454906	ZNF518B	ZNF518A	C2H2 zinc finger factors	C2H2 zinc finger factors
0.19589557920971404	MLXIP	MLXIPL	Basic helix-loop-helix factors (bHLH)	Basic helix-loop-helix factors (bHLH)
0.19571022979490246	IKZF2	IKZF4	C2H2 zinc finger factors	C2H2 zinc finger factors
0.1956532306441212	TBX15	TBX18	T-Box factors	T-Box factors
0.1952833664712358	ZNF558	ZNF44	C2H2 zinc finger factors	C2H2 zinc finger factors
0.1947310146515621	CC2D1A	CC2D1B	Uncharacterized	Uncharacterized
0.1944610119215837	ZBTB16	POU5F1	C2H2 zinc finger factors	Homeo domain factors
0.19419126798352712	ARNT2	SIM1	Basic helix-loop-helix factors (bHLH)	Basic helix-loop-helix factors (bHLH)
0.19410953743712686	DLX4	DLX3	Homeo domain factors	Homeo domain factors
0.1940285000290664	PATZ1	ZNF529	C2H2 zinc finger factors	C2H2 zinc finger factors
0.19383117375791808	ESRRA	ESRRG	Nuclear receptors with C4 zinc fingers	Nuclear receptors with C4 zinc fingers
0.19322902833617805	NFX1	CDC5L	NFX1-type putative zinc finger factors	Tryptophan cluster factors
0.19302285912054573	ZFP37	ZNF559	C2H2 zinc finger factors	C2H2 zinc finger factors
0.19286324372971486	CIC	DUX4	High-mobility group (HMG) domain factors	Homeo domain factors
0.19117647058823528	NFXL1	ZNF530	NFX1-type putative zinc finger factors	C2H2 zinc finger factors
0.19058446655069952	TFAP4	ZNF704	Basic helix-loop-helix factors (bHLH)	C2H2 zinc finger factors
0.19050019050028574	ZNF575	ZNF695	C2H2 zinc finger factors	C2H2 zinc finger factors
0.190159521611349	NFE2L3	NFE2L1	Basic leucine zipper factors (bZIP)	Basic leucine zipper factors (bZIP)
0.18993429409939652	SLC2A4RG	ZGPAT	Uncharacterized	C3H zinc finger factors
0.18970109398894436	ZNF281	ZNF121	C2H2 zinc finger factors	C2H2 zinc finger factors
0.18966860361678475	AHRR	AHR	Basic helix-loop-helix factors (bHLH)	Basic helix-loop-helix factors (bHLH)
0.18960623735963816	NR2F6	NR2F1	Nuclear receptors with C4 zinc fingers	Nuclear receptors with C4 zinc fingers
0.18911966929078367	CEBPE	IKZF1	Basic leucine zipper factors (bZIP)	C2H2 zinc finger factors
0.1889822365046136	ZNF668	ZSCAN32	C2H2 zinc finger factors	C2H2 zinc finger factors
0.1889822365046136	ZHX2	ZNF732	Homeo domain factors	C2H2 zinc finger factors
0.1883577507240371	CREBZF	CREB3	Basic leucine zipper factors (bZIP)	Basic leucine zipper factors (bZIP)
0.1879862100909952	SOX8	SOX9	High-mobility group (HMG) domain factors	High-mobility group (HMG) domain factors
0.1876466562602004	ZNF263	ZNF566	C2H2 zinc finger factors	C2H2 zinc finger factors
0.1875879524714151	FOXH1	ZNF417	Fork head / winged helix factors	C2H2 zinc finger factors
0.18704711775486524	SHOX2	MSX1	Homeo domain factors	Homeo domain factors
0.18686117268849275	ZNF652	ZBTB10	C2H2 zinc finger factors	Uncharacterized
0.1868408400593708	ATF5	ATF4	Basic leucine zipper factors (bZIP)	Basic leucine zipper factors (bZIP)
0.1865009616480628	TCF23	TCF24	Basic helix-loop-helix factors (bHLH)	Basic helix-loop-helix factors (bHLH)
0.18597370980368774	SPIB	SPI1	Tryptophan cluster factors	Tryptophan cluster factors
0.1857050324942459	PBX4	MLXIPL	Homeo domain factors	Basic helix-loop-helix factors (bHLH)
0.18561783825611866	HIC1	HIC2	C2H2 zinc finger factors	C2H2 zinc finger factors
0.18522000149191148	BHLHE23	BHLHE22	Basic helix-loop-helix factors (bHLH)	Basic helix-loop-helix factors (bHLH)
0.18423794518655606	EGR3	EGR1	C2H2 zinc finger factors	C2H2 zinc finger factors
0.18417389641560514	MYCL	MYCN	Basic helix-loop-helix factors (bHLH)	Basic helix-loop-helix factors (bHLH)
0.1840242255036892	KLF16	FOXJ3	C2H2 zinc finger factors	Fork head / winged helix factors
0.18391244744349414	SRY	NR5A1	High-mobility group (HMG) domain factors	Nuclear receptors with C4 zinc fingers
0.1838447243778408	ZBTB24	ZNF784	C2H2 zinc finger factors	C2H2 zinc finger factors
0.1835325870964494	ZNF394	ZKSCAN5	C2H2 zinc finger factors	C2H2 zinc finger factors
0.1830631833116372	NFIL3	NR1D1	Basic leucine zipper factors (bZIP)	Nuclear receptors with C4 zinc fingers
0.18164975363768848	ZNF582	PAX1	C2H2 zinc finger factors	Paired box factors
0.1814665465778244	TCFL5	ZSCAN16	Basic helix-loop-helix factors (bHLH)	C2H2 zinc finger factors
0.17985729488581706	DRGX	TLX3	Homeo domain factors	Homeo domain factors
0.17983912556023096	BACH2	PRDM1	Basic leucine zipper factors (bZIP)	C2H2 zinc finger factors
0.1793163150302082	ZNF217	ZNF780A	C2H2 zinc finger factors	C2H2 zinc finger factors
0.1792929875273023	NKX2-3	NKX3-2	Homeo domain factors	Homeo domain factors
0.17924641577041342	LBX2	LBX1	Homeo domain factors	Homeo domain factors
0.179109465135858	RFX6	FOXP4	Fork head / winged helix factors	Fork head / winged helix factors
0.17868542247296582	ZNF710	ZNF627	C2H2 zinc finger factors	C2H2 zinc finger factors
0.17817416127494962	ZNF322	ZNF425	C2H2 zinc finger factors	C2H2 zinc finger factors
0.17767406990715012	SPIC	SPIB	Tryptophan cluster factors	Tryptophan cluster factors
0.17761724348403465	ELF4	ELF2	Tryptophan cluster factors	Tryptophan cluster factors
0.17745250288859332	FOXI1	GCM2	Fork head / winged helix factors	GCM domain factors
0.17641724525240998	SP4	SP3	C2H2 zinc finger factors	C2H2 zinc finger factors
0.17638906527804238	FEZF1	FEZF2	C2H2 zinc finger factors	C2H2 zinc finger factors
0.17534127348197276	HIVEP2	ZNF704	C2H2 zinc finger factors	C2H2 zinc finger factors
0.1747471945741967	ETV2	MESP1	Tryptophan cluster factors	Basic helix-loop-helix factors (bHLH)
0.17424273674761284	ZKSCAN4	ZNF391	C2H2 zinc finger factors	C2H2 zinc finger factors
0.17421604180070513	KLF8	KLF12	C2H2 zinc finger factors	C2H2 zinc finger factors
0.1741985533640351	BHLHA15	PTF1A	Basic helix-loop-helix factors (bHLH)	Basic helix-loop-helix factors (bHLH)
0.17413451100752944	MLX	MLXIP	Basic helix-loop-helix factors (bHLH)	Basic helix-loop-helix factors (bHLH)
0.17407765595569785	ZNF816	ZNF433	C2H2 zinc finger factors	C2H2 zinc finger factors
0.17399778549682227	POU5F1B	RFX7	Homeo domain factors	Fork head / winged helix factors
0.17388921162090012	MIXL1	TBXT	Homeo domain factors	T-Box factors
0.17380060039371195	SOX13	SOX12	High-mobility group (HMG) domain factors	High-mobility group (HMG) domain factors
0.17307895955554378	SHOX	SHOX2	Homeo domain factors	Homeo domain factors
0.17307235127680146	VSX1	VSX2	Homeo domain factors	Homeo domain factors
0.1719348490359843	FEV	LMX1B	Tryptophan cluster factors	Homeo domain factors
0.17126082105548734	MEIS1	HOXA9	Homeo domain factors	Homeo domain factors
0.1708166795189141	IRX5	IRX6	Homeo domain factors	Homeo domain factors
0.17079406998716687	PEG3	PLAGL1	C2H2 zinc finger factors	C2H2 zinc finger factors
0.17051417234230912	SATB1	MYC	Homeo domain factors	Basic helix-loop-helix factors (bHLH)
0.1699834606651367	KLF9	KLF13	C2H2 zinc finger factors	C2H2 zinc finger factors
0.16979258355400634	LYL1	TCF3	Basic helix-loop-helix factors (bHLH)	Basic helix-loop-helix factors (bHLH)
0.1696751579473019	ZNF350	ZNF589	C2H2 zinc finger factors	C2H2 zinc finger factors
0.16869616290928865	ZFP42	POU5F1	C2H2 zinc finger factors	Homeo domain factors
0.1681021029774474	HBP1	ZNF800	High-mobility group (HMG) domain factors	C2H2 zinc finger factors
0.16717130750738826	NPAS4	FOS	Basic helix-loop-helix factors (bHLH)	Basic leucine zipper factors (bZIP)
0.16675706527316767	MYBL2	E2F1	Tryptophan cluster factors	Fork head / winged helix factors
0.1666666666666667	ZNF449	ZNF282	C2H2 zinc finger factors	C2H2 zinc finger factors
0.1656346649999845	ZFP57	PLAGL1	C2H2 zinc finger factors	C2H2 zinc finger factors
0.16509739401856233	NR6A1	NR5A2	Nuclear receptors with C4 zinc fingers	Nuclear receptors with C4 zinc fingers
0.16474318585802594	CREB3L3	SREBF1	Basic leucine zipper factors (bZIP)	Basic helix-loop-helix factors (bHLH)
0.1643436289318582	BNC2	ZNF213	C2H2 zinc finger factors	C2H2 zinc finger factors
0.16409667363904662	PRDM16	MECOM	C2H2 zinc finger factors	C2H2 zinc finger factors
0.16406140477561942	FOXD2	FOXD1	Fork head / winged helix factors	Fork head / winged helix factors
0.16338908340019945	DACH1	DACH2	Uncharacterized	Uncharacterized
0.1631550931124405	EGR4	ZNF692	C2H2 zinc finger factors	C2H2 zinc finger factors
0.16222142113076252	ATF7	ZNF225	Basic leucine zipper factors (bZIP)	C2H2 zinc finger factors
0.16205093088804098	TLX2	TLX1	Homeo domain factors	Homeo domain factors
0.16185097349632888	KLF10	SMAD3	C2H2 zinc finger factors	SMAD/NF-1 DNA-binding domain factors
0.16182177055921454	ZFP1	KLF14	C2H2 zinc finger factors	C2H2 zinc finger factors
0.1617845191224177	NKX1-2	HMX2	Homeo domain factors	Homeo domain factors
0.16169041669088866	ZNF195	ZNF215	C2H2 zinc finger factors	C2H2 zinc finger factors
0.16169041669088866	ZNF677	ZNF585A	C2H2 zinc finger factors	C2H2 zinc finger factors
0.16146079285345402	CEBPG	CEBPD	Basic leucine zipper factors (bZIP)	Basic leucine zipper factors (bZIP)
0.16144063423010602	BCL11A	MYB	C2H2 zinc finger factors	Tryptophan cluster factors
0.1610152971798826	CSRNP1	ZNF584	AXUD/CSRNP domain factors	C2H2 zinc finger factors
0.16026795146487272	ZNF521	EBF1	C2H2 zinc finger factors	Rel homology region (RHR) factors
0.16017174591296	KCNIP3	CREB1	Uncharacterized	Basic leucine zipper factors (bZIP)
0.16012815380508716	ZNF470	ZNF284	Uncharacterized	C2H2 zinc finger factors
0.15956974176382074	KLF15	FOXO1	C2H2 zinc finger factors	Fork head / winged helix factors
0.1594435256153774	KLF7	KLF8	C2H2 zinc finger factors	C2H2 zinc finger factors
0.1584752664942132	ZBTB11	NKRF	C2H2 zinc finger factors	Uncharacterized
0.15823951351524115	TGIF1	SMAD2	Homeo domain factors	SMAD/NF-1 DNA-binding domain factors
0.15776420204293645	ASCL3	ZNF143	Basic helix-loop-helix factors (bHLH)	C2H2 zinc finger factors
0.1571468165481551	DMBX1	ZNF792	Homeo domain factors	C2H2 zinc finger factors
0.1571468165481551	ZNF729	ZNF595	C2H2 zinc finger factors	C2H2 zinc finger factors
0.15701131513374553	BATF2	ZBTB46	Basic leucine zipper factors (bZIP)	C2H2 zinc finger factors
0.155899049693706	HMX1	HMX3	Homeo domain factors	Homeo domain factors
0.15589299354147926	PLSCR1	JUN	Uncharacterized	Basic leucine zipper factors (bZIP)
0.15586992159713742	ATMIN	ZNF479	Uncharacterized	C2H2 zinc finger factors
0.1556997888323046	ZNF175	ZNF566	C2H2 zinc finger factors	C2H2 zinc finger factors
0.15567942971833054	OVOL1	GRHL3	C2H2 zinc finger factors	Grainyhead
0.1555355911194223	NKX3-1	AR	Homeo domain factors	Nuclear receptors with C4 zinc fingers
0.1542564093574852	TRPS1	RUNX2	Other C4 zinc finger-type factors	Runt domain factors
0.1539427545401303	NKX2-8	NKX2-2	Homeo domain factors	Homeo domain factors
0.15344872638085655	ZBTB45	ZNF131	C2H2 zinc finger factors	C2H2 zinc finger factors
0.15228309247461547	KLF3	KLF8	C2H2 zinc finger factors	C2H2 zinc finger factors
0.15214515486254615	ZSCAN20	ZNF426	C2H2 zinc finger factors	Uncharacterized
0.1507556722888818	ZBTB7B	ZBTB7A	C2H2 zinc finger factors	C2H2 zinc finger factors
0.15059852933666287	ESRRB	SOX2	Nuclear receptors with C4 zinc fingers	High-mobility group (HMG) domain factors
0.15046499468463068	GABPA	ETS1	Tryptophan cluster factors	Tryptophan cluster factors
0.14956751857491352	SPDEF	KLF4	Tryptophan cluster factors	C2H2 zinc finger factors
0.14941460185414432	ZSCAN5B	NOBOX	C2H2 zinc finger factors	Homeo domain factors
0.14921701460403902	OVOL2	GRHL2	C2H2 zinc finger factors	Grainyhead
0.149071198499986	NKX6-3	ZNF493	Homeo domain factors	C2H2 zinc finger factors
0.14790199457749048	MAZ	ZNF48	C2H2 zinc finger factors	C2H2 zinc finger factors
0.1475703340252388	ZNF605	ZNF729	C2H2 zinc finger factors	C2H2 zinc finger factors
0.1465346124232661	ZBTB4	ZSCAN1	C2H2 zinc finger factors	C2H2 zinc finger factors
0.1465069091747616	HOXB13	AR	Homeo domain factors	Nuclear receptors with C4 zinc fingers
0.14612497198594798	MYRF	OLIG1	NDT80 domain factors	Basic helix-loop-helix factors (bHLH)
0.14586499149789456	ZNF496	ZNF493	C2H2 zinc finger factors	C2H2 zinc finger factors
0.14574577203253436	PGBD1	ZKSCAN4	Uncharacterized	C2H2 zinc finger factors
0.14544255533972206	TCF7	VDR	High-mobility group (HMG) domain factors	Nuclear receptors with C4 zinc fingers
0.1454416829392854	MTF1	NFE2L2	C2H2 zinc finger factors	Basic leucine zipper factors (bZIP)
0.1450453337513029	MYBL1	MYBL2	Tryptophan cluster factors	Tryptophan cluster factors
0.14483624656677635	ZBTB33	ZNF281	C2H2 zinc finger factors	C2H2 zinc finger factors
0.14433756729740646	MYPOP	ZNF284	Uncharacterized	C2H2 zinc finger factors
0.14385736420700407	ZFY	TGIF2LY	Uncharacterized	Homeo domain factors
0.14348601079588785	HDX	ZNF362	Homeo domain factors	C2H2 zinc finger factors
0.14213381090374028	HSF5	HSFY2	Heat shock factors	Heat shock factors
0.1419048494638921	ZNF202	ZSCAN21	C2H2 zinc finger factors	C2H2 zinc finger factors
0.14143116796634184	NOTO	TBXT	Homeo domain factors	T-Box factors
0.14030091122959645	ELF3	ETS1	Tryptophan cluster factors	Tryptophan cluster factors
0.140028008402801	ZNF383	ZNF641	C2H2 zinc finger factors	C2H2 zinc finger factors
0.140028008402801	ZNF506	ZNF425	C2H2 zinc finger factors	C2H2 zinc finger factors
0.13981728140845512	ZFHX3	ZNF561	Homeo domain factors	C2H2 zinc finger factors
0.13782946160499282	ZNF699	ZNF8	C2H2 zinc finger factors	Uncharacterized
0.13762342701012853	SOX15	SOX12	High-mobility group (HMG) domain factors	High-mobility group (HMG) domain factors
0.13616844374485948	SP5	LEF1	C2H2 zinc finger factors	High-mobility group (HMG) domain factors
0.13552618543578768	ZBTB1	ZBTB49	C2H2 zinc finger factors	C2H2 zinc finger factors
0.13540217525802398	SP100	SP140	SAND domain factors	SAND domain factors
0.13483997249264842	ZNF709	ZNF454	C2H2 zinc finger factors	C2H2 zinc finger factors
0.1338698881504165	SP6	ZNF391	C2H2 zinc finger factors	C2H2 zinc finger factors
0.13270260732650618	CREB3L4	CREB3	Basic leucine zipper factors (bZIP)	Basic leucine zipper factors (bZIP)
0.13231403100624076	ZNF568	ZNF699	C2H2 zinc finger factors	C2H2 zinc finger factors
0.13193984914006274	ZSCAN4	ZNF790	C2H2 zinc finger factors	C2H2 zinc finger factors
0.1311271994161306	HLX	EGR2	Homeo domain factors	C2H2 zinc finger factors
0.13077473096865844	ZNF860	NKX3-2	C2H2 zinc finger factors	Homeo domain factors
0.13046065799291745	YY2	YY1	C2H2 zinc finger factors	C2H2 zinc finger factors
0.13026180644977808	JDP2	FOS	Basic leucine zipper factors (bZIP)	Basic leucine zipper factors (bZIP)
0.1301791050145552	ST18	MYT1	C2HC	C2HC
0.1299101731012636	ZFX	AR	C2H2 zinc finger factors	Nuclear receptors with C4 zinc fingers
0.12980919251505435	ATOH8	TCF24	Basic helix-loop-helix factors (bHLH)	Basic helix-loop-helix factors (bHLH)
0.1296722254908901	CUX1	MYC	Homeo domain factors	Basic helix-loop-helix factors (bHLH)
0.12909944487358058	ZNF320	ZNF284	C2H2 zinc finger factors	C2H2 zinc finger factors
0.12909944487358058	ZNF444	ZNF284	C2H2 zinc finger factors	C2H2 zinc finger factors
0.12909944487358055	ZNF329	ZNF564	C2H2 zinc finger factors	C2H2 zinc finger factors
0.1290564332299168	ZNF384	ZNF430	C2H2 zinc finger factors	Uncharacterized
0.12885772383492425	FOXQ1	TWIST1	Fork head / winged helix factors	Basic helix-loop-helix factors (bHLH)
0.12848904218751162	RAX2	CRX	Homeo domain factors	Homeo domain factors
0.1270236722143628	GLIS3	HNF1A	C2H2 zinc finger factors	Homeo domain factors
0.12643043435604345	CREBRF	CREB3	Basic leucine zipper factors (bZIP)	Basic leucine zipper factors (bZIP)
0.12590183483831985	HINFP	ZBTB49	C2H2 zinc finger factors	C2H2 zinc finger factors
0.12443684462055753	FOXE3	PITX3	Fork head / winged helix factors	Homeo domain factors
0.12316615977053665	ZBTB34	ZBTB2	C2H2 zinc finger factors	C2H2 zinc finger factors
0.12262786789699315	SOX30	CCDC169-SOHLH2	High-mobility group (HMG) domain factors	Basic helix-loop-helix factors (bHLH)
0.12162206582281924	RFX5	RFX1	Fork head / winged helix factors	Fork head / winged helix factors
0.1214598384834784	ZNF367	HNF4G	Uncharacterized	Nuclear receptors with C4 zinc fingers
0.12044732590633345	HSF4	HSF2	Heat shock factors	Heat shock factors
0.1201572407504967	DEAF1	CC2D1A	SAND domain factors	Uncharacterized
0.11838982885506565	FOXS1	FOXD4	Fork head / winged helix factors	Fork head / winged helix factors
0.11821082491310833	E4F1	ZBTB45	C2H2 zinc finger factors	C2H2 zinc finger factors
0.1179320441312158	BHLHA9	ZNF141	Basic helix-loop-helix factors (bHLH)	C2H2 zinc finger factors
0.11750526050543116	TFEC	TFE3	Basic helix-loop-helix factors (bHLH)	Basic helix-loop-helix factors (bHLH)
0.11615349838117045	ZKSCAN2	CTCFL	C2H2 zinc finger factors	C2H2 zinc finger factors
0.11498051245456847	VEZF1	ZNF655	C2H2 zinc finger factors	C2H2 zinc finger factors
0.11396057645963795	THAP1	ZNF619	C2CH THAP-type zinc finger factors	C2H2 zinc finger factors
0.1136204247396394	PLAGL2	PLAG1	C2H2 zinc finger factors	C2H2 zinc finger factors
0.11359236684941296	ZNF671	ZNF764	C2H2 zinc finger factors	C2H2 zinc finger factors
0.11285817127990574	GSC2	TBX1	Homeo domain factors	T-Box factors
0.11180339887498948	ZNF519	ZNF737	C2H2 zinc finger factors	Uncharacterized
0.10995521626992054	MSC	MYF5	Basic helix-loop-helix factors (bHLH)	Basic helix-loop-helix factors (bHLH)
0.10990005466235238	RBPJL	NEUROG3	Rel homology region (RHR) factors	Basic helix-loop-helix factors (bHLH)
0.10908586060591766	BNC1	BNC2	C2H2 zinc finger factors	C2H2 zinc finger factors
0.10853040350178804	MZF1	SP1	C2H2 zinc finger factors	C2H2 zinc finger factors
0.10744306187005068	ESX1	HSFY2	Homeo domain factors	Heat shock factors
0.1072112534837795	ZNF304	ZNF284	C2H2 zinc finger factors	C2H2 zinc finger factors
0.10618744368274573	PKNOX2	NPAS2	Homeo domain factors	Basic helix-loop-helix factors (bHLH)
0.10606601717798213	ZSCAN31	ZNF320	C2H2 zinc finger factors	C2H2 zinc finger factors
0.10450907442147	KLF17	KLF8	C2H2 zinc finger factors	C2H2 zinc finger factors
0.10341753799900384	ZBTB8B	SKIL	C2H2 zinc finger factors	Uncharacterized
0.10156856301880983	AEBP1	SMAD3	C2H2 zinc finger factors	SMAD/NF-1 DNA-binding domain factors
0.09907367412097016	SPZ1	CREM	Uncharacterized	Basic leucine zipper factors (bZIP)
0.0955280399643153	CASZ1	TBX3	C2H2 zinc finger factors	T-Box factors
0.09495144870310787	ZNF683	ZBTB7B	C2H2 zinc finger factors	C2H2 zinc finger factors
0.0915963284693609	ZNF354C	SP7	C2H2 zinc finger factors	C2H2 zinc finger factors
0.09104463009115372	ZNF878	POU6F2	C2H2 zinc finger factors	Homeo domain factors
0.08687444855261388	ZNF354B	ZNF354C	C2H2 zinc finger factors	C2H2 zinc finger factors
0.08574929257125441	ZNF580	HIC2	C2H2 zinc finger factors	C2H2 zinc finger factors
0.08504865111251245	ZNF226	ZNF766	C2H2 zinc finger factors	C2H2 zinc finger factors
0.08362420100070908	ZNF560	ZNF790	C2H2 zinc finger factors	C2H2 zinc finger factors
0.08247860988423225	ZNF772	ZNF699	C2H2 zinc finger factors	C2H2 zinc finger factors
0.08031157077540442	ZNF667	ZNF580	C2H2 zinc finger factors	C2H2 zinc finger factors
0.08027016238349198	ZFP3	ZFP1	C2H2 zinc finger factors	C2H2 zinc finger factors
0.07968190728895959	ZNF793	NKX6-3	C2H2 zinc finger factors	Homeo domain factors
0.07813453848974923	ZNF419	BATF3	C2H2 zinc finger factors	Basic leucine zipper factors (bZIP)
0.07603404070804562	ZNF705A	BATF3	C2H2 zinc finger factors	Basic leucine zipper factors (bZIP)
0.07412493166611013	ZSCAN29	ERV3-1-ZNF117	C2H2 zinc finger factors	Uncharacterized
0.07337471263750264	CARF	MEF2D	Uncharacterized	MADS box factors
0.07214791053658227	ZNF543	SOX15	C2H2 zinc finger factors	High-mobility group (HMG) domain factors
0.07171912952882703	ZGLP1	CREB1	Other C4 zinc finger-type factors	Basic leucine zipper factors (bZIP)
0.06952953927407758	ZNF750	TP63	Uncharacterized	p53 domain factors
0.059364684010866364	ZNF467	ZNF384	C2H2 zinc finger factors	C2H2 zinc finger factors
0.05851648396714392	ZFP92	SHOX	C2H2 zinc finger factors	Homeo domain factors
0.057353933467640436	ZNF675	ZNF75A	Uncharacterized	C2H2 zinc finger factors
0.0563436169819011	ZNF343	ZNF648	C2H2 zinc finger factors	C2H2 zinc finger factors
0.0	ZNF786	ZNF93	C2H2 zinc finger factors	Uncharacterized
0.0	ZNF862	ZNF93	C2H2 zinc finger factors	Uncharacterized
0.0	ZNF572	ZNF93	C2H2 zinc finger factors	Uncharacterized
